-- phpMyAdmin SQL Dump
-- version 3.4.10.1
-- http://www.phpmyadmin.net
--
-- 主机: localhost:3306
-- 生成日期: 2020 年 12 月 16 日 14:26
-- 服务器版本: 5.7.29
-- PHP 版本: 5.5.38

SET SQL_MODE="NO_AUTO_VALUE_ON_ZERO";
SET time_zone = "+00:00";


/*!40101 SET @OLD_CHARACTER_SET_CLIENT=@@CHARACTER_SET_CLIENT */;
/*!40101 SET @OLD_CHARACTER_SET_RESULTS=@@CHARACTER_SET_RESULTS */;
/*!40101 SET @OLD_COLLATION_CONNECTION=@@COLLATION_CONNECTION */;
/*!40101 SET NAMES utf8 */;

--
-- 数据库: `kj_factory_production_erp`
--

-- --------------------------------------------------------

--
-- 表的结构 `kj_sys_admin_group`
--

CREATE TABLE IF NOT EXISTS `kj_sys_admin_group` (
  `groupId` int(10) NOT NULL AUTO_INCREMENT COMMENT '分组id',
  `parentId` int(10) DEFAULT '0' COMMENT '父分类id',
  `groupName` varchar(255) DEFAULT NULL COMMENT '分组名称',
  `createTime` datetime DEFAULT NULL COMMENT '创建时间',
  `creator` varchar(32) DEFAULT NULL COMMENT '创建用户',
  `updateTime` datetime DEFAULT NULL COMMENT '更新时间',
  `updater` varchar(32) DEFAULT NULL COMMENT '更新用户',
  `isValid` tinyint(1) DEFAULT '0',
  `describe` varchar(500) DEFAULT NULL COMMENT '描述',
  `secionId` int(11) DEFAULT NULL COMMENT '部门编号',
  `type` tinyint(1) DEFAULT '0',
  `roleType` tinyint(1) DEFAULT NULL,
  PRIMARY KEY (`groupId`) USING BTREE
) ENGINE=InnoDB  DEFAULT CHARSET=utf8mb4 CHECKSUM=1 DELAY_KEY_WRITE=1 ROW_FORMAT=DYNAMIC AUTO_INCREMENT=36 ;

--
-- 转存表中的数据 `kj_sys_admin_group`
--

INSERT INTO `kj_sys_admin_group` (`groupId`, `parentId`, `groupName`, `createTime`, `creator`, `updateTime`, `updater`, `isValid`, `describe`, `secionId`, `type`, `roleType`) VALUES
(1, 0, '超级管理员', '2020-11-10 10:41:49', '17670627203', '2020-11-10 10:41:49', '17670627203', 0, NULL, NULL, 0, 3),
(2, 0, '管理员', '2020-11-10 18:27:26', '17670627203', '2020-11-10 18:27:26', '18673361517', 0, NULL, NULL, 0, 2),
(3, 0, '123123ww', '2020-08-13 10:50:07', '17670627203', '2020-08-28 14:09:17', '17670627203', 1, '123123', NULL, 0, NULL),
(4, 0, 'xwa', '2020-08-12 11:48:13', '18613962842', '2020-08-12 11:48:39', '18613962842', 1, '123456', NULL, 0, NULL),
(5, 0, 'sdd', '2020-08-12 11:48:27', '18613962842', '2020-08-12 11:48:34', '18613962842', 1, 'e', NULL, 1, NULL),
(6, 0, 'rewr', '2020-08-12 11:52:01', '17670627203', '2020-08-28 14:09:14', '17670627203', 1, 'sdfs', NULL, 1, NULL),
(7, 0, 'cs', '2020-08-13 11:04:27', '17670627203', '2020-08-28 14:09:09', '17670627203', 1, 'ffff', NULL, 0, NULL),
(8, 0, 'cf', '2020-08-15 11:21:51', '17670627203', '2020-08-15 11:21:57', '17670627203', 1, '', NULL, 0, NULL),
(9, 0, 'cf', '2020-08-15 11:22:03', '17670627203', '2020-08-28 14:09:05', '17670627203', 1, '123', NULL, 0, NULL),
(10, 0, '测试组', '2020-11-19 09:59:14', '17670627203', '2020-11-19 09:59:14', '17670627203', 0, NULL, NULL, 0, 2),
(11, 0, '客服部经理', '2020-09-18 09:52:23', '17670627203', '2020-09-18 09:52:23', '17670627203', 0, '客服部经理', NULL, 0, 2),
(12, 0, 'eee', '2020-09-17 09:19:23', '17670627203', '2020-09-17 09:19:26', '17670627203', 1, '1', NULL, 0, 1),
(13, 11, '客服', '2020-09-18 14:53:59', '17670627203', '2020-09-18 15:06:05', '17670627203', 1, NULL, NULL, 0, NULL),
(14, 11, '客服部员工', '2020-09-18 16:21:12', '17670627203', '2020-09-18 16:27:13', '17670627203', 1, NULL, NULL, 0, NULL),
(15, 0, '试部门组织', '2020-10-16 10:47:40', '17670627203', '2020-10-16 10:47:40', '17670627203', 0, NULL, NULL, 0, 1),
(16, 1, '下级部门组织', '2020-09-21 14:33:55', '17670627203', '2020-09-21 14:34:19', '17670627203', 1, NULL, NULL, 0, NULL),
(17, NULL, '新增部门', '2020-09-21 14:35:21', '17670627203', '2020-09-21 14:39:30', '17670627203', 1, NULL, NULL, 0, NULL),
(18, 15, 'nonn', '2020-09-21 14:38:26', '17670627203', '2020-09-21 14:39:42', '17670627203', 1, NULL, NULL, 0, NULL),
(19, 15, '123123', '2020-09-21 14:42:35', '17670627203', '2020-09-21 14:42:40', '17670627203', 1, NULL, NULL, 0, NULL),
(20, 15, 'ces1', '2020-09-21 15:15:28', '17670627203', '2020-09-21 15:15:28', '17670627203', 0, NULL, NULL, 0, NULL),
(21, 0, '岗位更新', '2020-10-16 11:35:16', '17670627203', '2020-11-30 09:56:18', '17670627203', 1, NULL, NULL, 0, 1),
(22, 15, '一二三', '2020-10-16 11:23:48', '17670627203', '2020-10-16 11:27:56', '17670627203', 1, NULL, NULL, 0, 1),
(23, 15, 'dfdf', '2020-10-16 11:27:03', '17670627203', '2020-10-16 11:27:51', '17670627203', 1, NULL, NULL, 0, 1),
(24, 23, 'aaaa', '2020-10-16 11:27:24', '17670627203', '2020-10-16 11:27:46', '17670627203', 1, NULL, NULL, 0, 0),
(25, 24, 'dddd', '2020-10-16 11:27:31', '17670627203', '2020-10-16 11:27:40', '17670627203', 1, NULL, NULL, 0, 0),
(26, 21, 'dddf', '2020-10-16 11:36:13', '17670627203', '2020-10-16 11:36:18', '17670627203', 1, NULL, NULL, 0, 0),
(27, NULL, 'dfgg', '2020-10-16 11:36:03', '17670627203', '2020-10-16 11:36:06', '17670627203', 1, NULL, NULL, 0, 1),
(28, NULL, 'ces', '2020-10-22 11:48:42', '17670627203', '2020-10-22 11:48:45', '17670627203', 1, NULL, NULL, 0, 1),
(29, 0, '测试岗位', '2020-11-19 10:59:45', '17670627203', '2020-11-19 10:59:45', '17670627203', 0, NULL, NULL, 0, 1),
(30, 20, 'sds', '2020-11-03 16:44:28', '17670627203', '2020-11-03 16:44:28', '17670627203', 0, NULL, NULL, 0, 1),
(31, 31, 'ERP权限', '2020-11-30 10:47:14', '17670627203', '2020-11-30 10:47:14', '17670627203', 0, NULL, NULL, 0, 0),
(32, 0, 'ERP权限组', '2020-11-30 10:48:17', '17670627203', '2020-11-30 10:48:17', '17670627203', 0, NULL, NULL, 0, 3),
(33, 0, 'AAA', '2020-12-04 14:19:16', '17670627203', '2020-12-04 14:19:16', '17670627203', 0, NULL, NULL, 0, 3),
(34, 0, '生产', '2020-12-09 09:28:46', '17670627203', '2020-12-09 09:28:46', '17670627203', 0, NULL, NULL, 0, NULL),
(35, 0, 'BBB', '2020-12-15 09:25:19', '17670627203', '2020-12-15 09:25:19', '17670627203', 0, NULL, NULL, 0, NULL);

-- --------------------------------------------------------

--
-- 表的结构 `kj_sys_admin_menu`
--

CREATE TABLE IF NOT EXISTS `kj_sys_admin_menu` (
  `menuId` int(10) NOT NULL AUTO_INCREMENT COMMENT '菜单id',
  `parentId` int(10) DEFAULT NULL COMMENT '父级id',
  `menuLevel` tinyint(2) NOT NULL DEFAULT '1' COMMENT '菜单等级',
  `menuName` varchar(255) DEFAULT NULL COMMENT '菜单名称',
  `menuUrl` varchar(255) DEFAULT NULL COMMENT '菜单Url',
  `menuType` varchar(255) DEFAULT NULL COMMENT '菜单类型',
  `sort` int(10) DEFAULT NULL COMMENT '排序',
  `btnTitle` varchar(20) DEFAULT NULL COMMENT '按钮名称',
  `btnClass` varchar(255) DEFAULT NULL COMMENT '按钮样式',
  `btnType` varchar(20) DEFAULT NULL COMMENT '按钮类型',
  `btnHandle` varchar(20) DEFAULT NULL COMMENT '按钮事件',
  `btnHandleParams` text COMMENT '事件参数',
  `btnIsTable` tinyint(1) DEFAULT NULL COMMENT '是否表格按钮',
  `createTime` datetime DEFAULT NULL COMMENT '创建时间',
  `creator` varchar(32) DEFAULT NULL COMMENT '创建用户',
  `updateTime` datetime DEFAULT NULL COMMENT '更新时间',
  `updater` varchar(32) DEFAULT NULL COMMENT '更新用户',
  `isValid` tinyint(1) DEFAULT '0',
  `menuIcon` varchar(255) DEFAULT NULL COMMENT '图标',
  `interface` varchar(255) DEFAULT NULL COMMENT '接口地址',
  `type` tinyint(1) DEFAULT '0',
  PRIMARY KEY (`menuId`) USING BTREE
) ENGINE=InnoDB  DEFAULT CHARSET=utf8mb4 CHECKSUM=1 DELAY_KEY_WRITE=1 ROW_FORMAT=DYNAMIC AUTO_INCREMENT=109 ;

--
-- 转存表中的数据 `kj_sys_admin_menu`
--

INSERT INTO `kj_sys_admin_menu` (`menuId`, `parentId`, `menuLevel`, `menuName`, `menuUrl`, `menuType`, `sort`, `btnTitle`, `btnClass`, `btnType`, `btnHandle`, `btnHandleParams`, `btnIsTable`, `createTime`, `creator`, `updateTime`, `updater`, `isValid`, `menuIcon`, `interface`, `type`) VALUES
(1, 0, 1, '人事管理', '/personnelManagement', '1', 0, '', '', '', '', '', 0, '2020-08-06 10:24:55', '18613962842', '2020-08-12 09:45:22', '18613962842', 0, '/oa/cz/20200812/kj_cz_oa08124518.png', '', 0),
(2, 5, 1, '行政管理', '/administrativeManagement', '1', 0, '', '', '', '', '', 0, '2020-08-06 17:56:39', '17670627203', '2020-09-01 11:33:11', '17670627203', 1, '/oa/cz/20200814/kj_cz_oa08142848.png', '', 0),
(3, 0, 1, '客户管理', '/customerManagement', '1', 0, '', '', '', '', '', 0, '2020-08-12 08:35:00', '18613962842', '2020-08-12 09:42:43', '18613962842', 0, '/oa/cz/20200812/kj_cz_oa08123455.png', '', 0),
(4, 5, 1, '人才管理', '/talentManagement', '1', 0, '', '', '', '', '', 0, '2020-08-12 08:35:28', '18613962842', '2020-09-10 10:42:11', '17670627203', 1, '/oa/cz/20200812/kj_cz_oa08123535.png', '', 0),
(5, 0, 1, '供应商管理', '/supplierManagement', '1', 0, '', '', '', '', '', 0, '2020-08-12 08:40:33', '18613962842', '2020-11-12 09:27:41', '17670627203', 0, '/oa/cz/20200812/kj_cz_oa08124029.png', '', 0),
(6, 0, 1, '物料管理', '/erpManagement', '1', 0, '', '', '', '', '', 0, '2020-08-12 08:41:19', '18613962842', '2020-11-17 16:23:54', '17670627203', 0, '/oa/cz/20200812/kj_cz_oa08124113.png', '', 0),
(7, 5, 1, '数据统计', '/statisticsManagement', '1', 0, '', '', '', '', '', 0, '2020-08-12 08:46:12', '18613962842', '2020-09-10 10:42:31', '17670627203', 1, '/oa/cz/20200812/kj_cz_oa08124605.png', '', 0),
(8, 0, 1, '系统设置', '/systemSetup', '1', 0, '', '', '', '', '', 0, '2020-08-12 08:48:29', '18613962842', '2020-08-12 10:27:11', '18613962842', 0, '/oa/cz/20200812/kj_cz_oa08124825.png', '', 0),
(9, 1, 2, '职工档案', '/personnelManagement/staff', '1', 0, '', '', '', '', '', 0, '2020-08-12 09:28:22', '17670627203', '2020-09-07 09:37:54', '17670627203', 0, '/oa/cz/20200813/kj_cz_oa08131109.png', '', 0),
(10, 1, 2, '组织管理', '/personnelManagement/organization', '1', 1, '', '', '', '', '', 0, '2020-08-12 09:29:19', '17670627203', '2020-08-13 16:15:26', '17670627203', 0, '/oa/cz/20200813/kj_cz_oa08131523.png', '', 0),
(11, 5, 2, '权限组管理', '/personnelManagement/permission', '1', 2, '', '', '', '', '', 0, '2020-08-12 09:29:53', '17670627203', '2020-09-01 17:58:48', '17670627203', 1, '/oa/cz/20200813/kj_cz_oa08131535.png', '', 0),
(12, 5, 2, '后台菜单管理', '/personnelManagement/menu-manager', '1', 3, '', '', '', '', '', 0, '2020-08-12 09:31:59', '17670627203', '2020-09-01 17:59:06', '17670627203', 1, '/oa/cz/20200813/kj_cz_oa08134619.png', '', 0),
(13, 5, 2, '待办事项', '/administrativeManagement/todoList', '1', 0, '', '', '', '', '', 0, '2020-08-12 09:33:40', '17670627203', '2020-09-01 11:31:58', '17670627203', 1, '/oa/cz/20200813/kj_cz_oa08134712.png', '', 0),
(14, 5, 2, '通知管理', '/administrativeManagement/notice', '1', 1, '', '', '', '', '', 0, '2020-08-12 09:34:05', '17670627203', '2020-09-01 11:31:49', '17670627203', 1, '/oa/cz/20200813/kj_cz_oa08132026.png', '', 0),
(15, 5, 2, '招聘管理', '/administrativeManagement/recruiting', '1', 0, '', '', '', '', '', 0, '2020-08-12 09:42:25', '17670627203', '2020-08-31 15:12:59', '17670627203', 1, '/oa/cz/20200813/kj_cz_oa08131956.png', '', 0),
(16, 3, 2, '客户管理', '/customerManagement/customer', '1', 0, '', '', '', '', '', 0, '2020-08-12 09:43:21', '17670627203', '2020-08-13 16:30:23', '17670627203', 0, '/oa/cz/20200813/kj_cz_oa08133021.png', '', 0),
(17, 3, 2, '联系人管理', '/customerManagement/contacts', '1', 1, '', '', '', '', '', 0, '2020-08-12 09:43:54', '17670627203', '2020-08-13 16:30:39', '17670627203', 0, '/oa/cz/20200813/kj_cz_oa08133036.png', '', 0),
(18, 3, 2, '拜访记录', '/customerManagement/visitRecord', '1', 2, '', '', '', '', '', 0, '2020-08-12 09:45:51', '17670627203', '2020-11-18 17:36:23', '17670627203', 1, '/oa/cz/20200813/kj_cz_oa08133045.png', '', 0),
(19, 4, 2, '共享资源', '/talentManagement/shareTalent', '1', 1, '', '', '', '', '', 0, '2020-08-12 09:51:53', '17670627203', '2020-08-13 16:34:12', '17670627203', 0, '/oa/cz/20200813/kj_cz_oa08133410.png', '', 0),
(20, 4, 2, '我的人才', '/talentManagement/talent', '1', 4, '', '', '', '', '', 0, '2020-08-12 09:53:11', '17670627203', '2020-08-31 15:14:11', '17670627203', 0, '/oa/cz/20200813/kj_cz_oa08133359.png', '', 0),
(21, 4, 2, '我的邀约', '/talentManagement/myInvite', '1', 2, '', '', '', '', '', 0, '2020-08-12 09:53:32', '17670627203', '2020-08-13 16:48:22', '17670627203', 0, '/oa/cz/20200813/kj_cz_oa08134820.png', '', 0),
(22, 5, 2, '供应商管理', '/supplierManagement/supplier', '1', 0, '', '', '', '', '', 0, '2020-08-12 09:54:57', '17670627203', '2020-08-13 16:35:14', '17670627203', 0, '/oa/cz/20200813/kj_cz_oa08133512.png', '', 0),
(23, 6, 2, '库存查询', '/erpManagement/stock', '1', 0, '', '', '', '', '', 0, '2020-08-12 09:58:04', '17670627203', '2020-08-13 16:39:05', '17670627203', 0, '/oa/cz/20200813/kj_cz_oa08133902.png', '', 0),
(24, 5, 3, '进出库存', '/erpManagement/iandeBank', '1', 0, '', '', '', '', '', 0, '2020-08-12 09:58:31', '18613962842', '2020-08-12 09:58:51', '18613962842', 1, '', '', 0),
(25, 6, 2, '进出库存管理', '/erpManagement/iandeBank', '1', 2, '', '', '', '', '', 0, '2020-08-12 10:05:12', '17670627203', '2020-08-13 16:39:20', '17670627203', 0, '/oa/cz/20200813/kj_cz_oa08133917.png', '', 0),
(26, 6, 2, '进出库存查询', '/erpManagement/iandeBankSearch', '1', 3, '', '', '', '', '', 0, '2020-08-12 10:16:56', '17670627203', '2020-08-13 16:39:34', '17670627203', 0, '/oa/cz/20200813/kj_cz_oa08133931.png', '', 0),
(27, 6, 2, '库存变动表', '/erpManagement/stockChange', '1', 4, '', '', '', '', '', 0, '2020-08-12 10:18:16', '17670627203', '2020-08-13 16:40:26', '17670627203', 0, '/oa/cz/20200813/kj_cz_oa08134024.png', '', 0),
(28, 6, 2, '物品管理', '/erpManagement/goods', '1', 5, '', '', '', '', '', 0, '2020-08-12 10:18:42', '17670627203', '2020-11-19 16:32:06', '17670627203', 1, '/oa/cz/20200813/kj_cz_oa08134044.png', '', 0),
(29, 6, 2, '物料管理', '/product/materiel', '1', 6, '', '', '', '', '', 0, '2020-08-12 10:24:00', '17670627203', '2020-11-17 16:24:45', '17670627203', 0, '/oa/cz/20200813/kj_cz_oa08134102.png', '', 0),
(30, 7, 2, '数据统计', '/statisticsManagement/statistics', '1', 0, '', '', '', '', '', 0, '2020-08-12 10:26:47', '17670627203', '2020-08-13 16:41:41', '17670627203', 0, '/oa/cz/20200813/kj_cz_oa08134139.png', '', 0),
(31, 8, 2, '基础数据', '/systemSetup/baseData', '1', 0, '', '', '', '', '', 0, '2020-08-12 10:27:27', '17670627203', '2020-08-13 16:44:44', '17670627203', 0, '/oa/cz/20200813/kj_cz_oa08134442.png', '', 0),
(32, 8, 2, '岗位管理', '/systemSetup/postManage', '1', 1, '', '', '', '', '', 0, '2020-08-12 10:27:55', '17670627203', '2020-08-13 16:44:58', '17670627203', 0, '/oa/cz/20200813/kj_cz_oa08134456.png', '', 0),
(33, 8, 2, '行业管理', '/systemSetup/industryManage', '1', 0, '', '', '', '', '', 0, '2020-08-12 10:28:25', '17670627203', '2020-08-13 16:50:05', '17670627203', 0, '/oa/cz/20200813/kj_cz_oa08135003.png', '', 0),
(34, 8, 2, '地区管理', '/systemSetup/areaManage', '1', 0, '', '', '', '', '', 0, '2020-08-12 10:28:45', '17670627203', '2020-08-13 16:44:14', '17670627203', 0, '/oa/cz/20200813/kj_cz_oa08134412.png', '', 0),
(35, 5, 2, '系统设置', '/systemSetup/system', '1', 0, '', '', '', '', '', 0, '2020-08-12 10:29:10', '17670627203', '2020-09-10 11:39:23', '17670627203', 1, '/oa/cz/20200813/kj_cz_oa08134345.png', '', 0),
(36, 5, 2, '小程序权限组管理', '/personnelManagement/permissionMini', '1', 4, '', '', '', '', '', 0, '2020-08-12 11:15:53', '17670627203', '2020-08-13 11:03:50', '17670627203', 1, '', '', 0),
(37, 5, 2, '小程序菜单管理', '/personnelManagement/menu-manager-mini', '1', 5, '', '', '', '', '', 0, '2020-08-12 11:16:17', '17670627203', '2020-09-01 17:58:57', '17670627203', 1, '/oa/cz/20200813/kj_cz_oa08131557.png', '', 0),
(38, 2, 2, '报名管理', '/administrativeManagement/enroll', '1', 4, '', '', '', '', '', 0, '2020-08-12 16:50:44', '17670627203', '2020-08-13 16:20:37', '17670627203', 0, '/oa/cz/20200813/kj_cz_oa08132035.png', '', 0),
(39, 5, 1, '首页', '1', '1', 0, '', '', '', '', '', 0, '2020-08-13 10:28:58', '17670627203', '2020-08-13 10:32:37', '17670627203', 1, '', '', 0),
(40, 5, 1, '反对反对', '78', '1', 0, '', '', '', '', '', 0, '2020-08-13 10:30:00', '17670627203', '2020-08-13 10:32:44', '17670627203', 1, '', '', 0),
(46, 0, 1, '首页', 'pages/index/index', '1', 0, '', '', '', '', '', 0, '2020-08-13 14:48:13', '17670627203', '2020-08-13 15:28:19', '17670627203', 0, '', '', 1),
(47, 46, 2, '业务管理', '/pages/index/index', '1', 0, '', '', '', '', '', 0, '2020-08-13 14:48:32', '17670627203', '2020-08-13 14:48:32', '17670627203', 0, '', '', 1),
(48, 47, 3, '共享资源', '/pages/sharePersonnel/list', '1', 0, '', '', '', '', '', 0, '2020-08-13 14:48:49', '17670627203', '2020-08-13 16:07:01', '17670627203', 0, '/oa/cz/20200813/kj_cz_oa08134847.png', '', 1),
(49, 47, 3, '客户管理', '/pages/customer/list', '1', 0, '', '', '', '', '', 0, '2020-08-13 14:49:10', '17670627203', '2020-08-13 16:06:13', '17670627203', 0, '/oa/cz/20200813/kj_cz_oa08134904.png', '', 1),
(50, 47, 3, '供应商管理', '/pages/supplier/list', '1', 0, '', '', '', '', '', 0, '2020-08-13 14:49:50', '17670627203', '2020-08-13 16:06:27', '17670627203', 0, '/oa/cz/20200813/kj_cz_oa08134948.png', '', 1),
(51, 47, 3, '通知', '/pages/notice/noticeList', '1', 0, '', '', '', '', '', 0, '2020-08-13 15:55:52', '17670627203', '2020-08-13 16:06:41', '17670627203', 0, '/oa/cz/20200813/kj_cz_oa08135550.png', '', 1),
(52, 46, 2, '人事管理', '/pages/index/index', '1', 0, '', '', '', '', '', 0, '2020-08-13 15:56:12', '17670627203', '2020-08-13 15:56:12', '17670627203', 0, '', '', 1),
(53, 52, 3, '职工档案', '/pages/workers/list', '1', 0, '', '', '', '', '', 0, '2020-08-13 16:04:26', '17670627203', '2020-08-13 16:07:28', '17670627203', 0, '/oa/cz/20200813/kj_cz_oa08130423.png', '', 1),
(54, 52, 3, '通讯录', '/pages/contacts/list', '1', 0, '', '', '', '', '', 0, '2020-08-13 16:04:51', '17670627203', '2020-08-13 16:07:44', '17670627203', 0, '/oa/cz/20200813/kj_cz_oa08130449.png', '', 1),
(55, 52, 3, '待办事项', '/pages/backlog/backlog', '1', 0, '', '', '', '', '', 0, '2020-08-13 16:05:24', '17670627203', '2020-08-13 16:07:59', '17670627203', 0, '/oa/cz/20200813/kj_cz_oa08130521.png', '', 1),
(56, 0, 1, '新建', 'pages/newlyBuild/index', '1', 0, '', '', '', '', '', 0, '2020-08-13 16:14:09', '17670627203', '2020-08-13 16:18:41', '17670627203', 0, '', '', 1),
(57, 56, 2, '新建人才', '/pages/personnel/add', '1', 0, '', '', '', '', '', 0, '2020-08-13 16:15:00', '17670627203', '2020-08-13 16:15:00', '17670627203', 0, '', '才', 1),
(58, 56, 2, '新建客户', '/pages/customer/add', '1', 0, '', '', '', '', '', 0, '2020-08-13 16:15:23', '17670627203', '2020-08-13 16:15:23', '17670627203', 0, '', '客', 1),
(59, 56, 2, '联系人', '/pages/contacts/add', '1', 0, '', '', '', '', '', 0, '2020-08-13 16:15:45', '17670627203', '2020-08-13 16:15:45', '17670627203', 0, '', '联', 1),
(60, 56, 2, '供应商', '/pages/supplier/add', '1', 0, '', '', '', '', '', 0, '2020-08-13 16:16:12', '17670627203', '2020-08-13 16:16:12', '17670627203', 0, '', '供', 1),
(61, 56, 2, '新建职工', '/pages/workers/add', '1', 0, '', '', '', '', '', 0, '2020-08-13 16:16:36', '17670627203', '2020-08-13 16:16:36', '17670627203', 0, '', '职', 1),
(62, 56, 2, '跟进记录', '/pages/follow/add', '1', 0, '', '', '', '', '', 0, '2020-08-13 16:17:00', '17670627203', '2020-08-13 16:17:00', '17670627203', 0, '', '跟', 1),
(63, 56, 2, '新建通知', '/pages/notice/add', '1', 0, '', '', '', '', '', 0, '2020-08-13 16:17:30', '17670627203', '2020-08-13 16:17:30', '17670627203', 0, '', '公', 1),
(64, 56, 2, '新建招聘', '/pages/recruit/add', '1', 0, '', '', '', '', '', 0, '2020-08-13 16:17:50', '17670627203', '2020-08-13 16:17:50', '17670627203', 0, '', '招', 1),
(65, 0, 1, '我的', 'pages/mine/mine', '1', 0, '', '', '', '', '', 0, '2020-08-13 16:18:58', '17670627203', '2020-08-13 16:18:58', '17670627203', 0, '', '', 1),
(66, 65, 2, '我的人才', '/pages/personnel/list', '1', 0, '', '', '', '', '', 0, '2020-08-13 16:19:29', '17670627203', '2020-08-13 16:19:29', '17670627203', 0, '/oa/cz/20200813/kj_cz_oa08131927.png', '', 1),
(67, 65, 2, '我的项目', '/pages/customer/list', '1', 0, '', '', '', '', '', 0, '2020-08-13 16:19:54', '17670627203', '2020-08-13 16:19:54', '17670627203', 0, '/oa/cz/20200813/kj_cz_oa08131953.png', '', 1),
(68, 65, 2, '我的邀约', '/pages/invitation/invitationList', '1', 0, '', '', '', '', '', 0, '2020-08-13 16:20:20', '17670627203', '2020-08-13 16:20:20', '17670627203', 0, '/oa/cz/20200813/kj_cz_oa08132017.png', '', 1),
(69, 65, 2, '我的通知', '/pages/notice/noticeList', '1', 0, '', '', '', '', '', 0, '2020-08-13 16:20:49', '17670627203', '2020-08-13 16:20:49', '17670627203', 0, '/oa/cz/20200813/kj_cz_oa08132047.png', '', 1),
(70, 65, 2, '我的供应商', '/pages/supplier/list', '1', 0, '', '', '', '', '', 0, '2020-08-13 16:21:14', '17670627203', '2020-08-13 16:21:14', '17670627203', 0, '/oa/cz/20200813/kj_cz_oa08132113.png', '', 1),
(71, 65, 2, '我的招聘', '/pages/recruit/list', '1', 0, '', '', '', '', '', 0, '2020-08-13 16:21:36', '17670627203', '2020-08-13 16:21:36', '17670627203', 0, '/oa/cz/20200813/kj_cz_oa08132133.png', '', 1),
(72, 65, 2, '我的邀请码', '/pages/mine/qrcode', '1', 0, '', '', '', '', '', 0, '2020-08-13 16:22:12', '17670627203', '2020-08-13 16:22:12', '17670627203', 0, '/oa/cz/20200813/kj_cz_oa08132209.png', '', 1),
(73, 0, 1, '特殊权限', 'power', '1', 0, '', '', '', '', '', 0, '2020-08-29 15:23:27', '', '2020-08-29 15:23:27', '', 0, '', '', 1),
(74, 73, 2, '面试结果操作', 'interview', '1', 0, '', '', '', '', '', 0, '2020-08-29 15:24:23', '', '2020-08-29 15:24:23', '', 0, '', '', 1),
(75, 73, 2, '入职', 'entry', '1', 0, '', '', '', '', '', 0, '2020-08-29 15:24:40', '', '2020-08-29 15:24:40', '', 0, '', '', 1),
(76, 73, 2, '离职', 'quit', '1', 0, '', '', '', '', '', 0, '2020-08-29 15:24:57', '', '2020-08-29 15:24:57', '', 0, '', '', 1),
(77, 4, 2, '招聘管理', '/administrativeManagement/recruiting', '1', 0, '', '', '', '', '', 0, '2020-08-31 15:11:56', '17670627203', '2020-08-31 15:11:56', '17670627203', 0, '/oa/cz/20200831/kj_cz_oa08311146.png', '', 0),
(78, 3, 2, '项目管理', '/customerManagement/project', '1', -2, '', '', '', '', '', 0, '2020-08-31 15:33:33', '17670627203', '2020-11-18 17:36:29', '17670627203', 1, '/oa/cz/20200902/kj_cz_oa09023411.png', '', 0),
(79, 5, 2, '客户人才', '/talentManagement/talentCustomer', '1', 0, '', '', '', '', '', 0, '2020-08-31 17:31:36', '17670627203', '2020-08-31 17:41:53', '17670627203', 1, '', '', 0),
(80, 5, 2, '客户人才', '/talentCustomer/talentCustomer', '1', 0, '', '', '', '', '', 0, '2020-08-31 17:43:15', '17670627203', '2020-08-31 17:45:17', '17670627203', 1, '/oa/cz/20200813/kj_cz_oa08133021.png', '', 0),
(81, 5, 2, '客户人才', '/talentManagement/talentCustomer', '1', 0, '', '', '', '', '', 0, '2020-08-31 18:08:08', '17670627203', '2020-08-31 18:12:47', '17670627203', 1, '/oa/cz/20200813/kj_cz_oa08133021.png', '', 0),
(82, 5, 1, '公告管理', '/noticeManagement', '1', 0, '', '', '', '', '', 0, '2020-09-01 11:29:53', '17670627203', '2020-09-10 10:42:37', '17670627203', 1, '/oa/cz/20200901/kj_cz_oa09013546.png', '', 0),
(83, 82, 2, '公告管理', '/noticeManagement/notice', '1', 0, '', '', '', '', '', 0, '2020-09-01 11:30:42', '17670627203', '2020-09-01 11:59:42', '17670627203', 0, '/oa/cz/20200901/kj_cz_oa09013036.png', '', 0),
(84, 5, 1, '待办事项', '/todoManagement', '1', 0, '', '', '', '', '', 0, '2020-09-01 11:31:16', '17670627203', '2020-09-10 10:15:12', '17670627203', 1, '/oa/cz/20200901/kj_cz_oa09013635.png', '', 0),
(85, 84, 2, '待办事项', '/todoManagement/todoList', '1', 0, '', '', '', '', '', 0, '2020-09-01 11:31:35', '17670627203', '2020-09-01 14:57:06', '17670627203', 0, '/oa/cz/20200901/kj_cz_oa09013130.png', '', 0),
(86, 4, 2, '报名管理', '/administrativeManagement/enroll', '1', 0, '', '', '', '', '', 0, '2020-09-01 11:32:57', '17670627203', '2020-09-01 11:32:57', '17670627203', 0, '/oa/cz/20200901/kj_cz_oa09013248.png', '', 0),
(87, 8, 2, '权限组管理', '/personnelManagement/permission', '1', 0, '', '', '', '', '', 0, '2020-09-01 17:46:34', '17670627203', '2020-11-19 11:02:55', '17670627203', 1, '/oa/cz/20200901/kj_cz_oa09014627.png', '', 0),
(88, 8, 2, '后台菜单管理', '/personnelManagement/menu-manager', '1', 0, '', '', '', '', '', 0, '2020-09-01 17:57:17', '17670627203', '2020-09-01 17:57:17', '17670627203', 0, '/oa/cz/20200901/kj_cz_oa09015713.png', '', 0),
(89, 5, 2, '小程序菜单管理', '/personnelManagement/menu-manager-mini', '1', 0, '', '', '', '', '', 0, '2020-09-01 17:57:53', '17670627203', '2020-09-10 11:38:56', '17670627203', 1, '/oa/cz/20200901/kj_cz_oa09015749.png', '', 0),
(90, 5, 2, '查看人才', '/customerManagement/talentCustomer', '1', 0, '', '', '', '', '', 0, '2020-09-02 10:04:06', '17670627203', '2020-09-02 10:34:38', '17670627203', 1, '/oa/cz/20200813/kj_cz_oa08133045.png', '', 0),
(91, 5, 2, '收支类别', '/systemSetup/income', '1', 0, '', '', '', '', '', 0, '2020-09-15 16:33:30', '17670627203', '2020-09-16 15:50:16', '17670627203', 1, '/oa/cz/20200813/kj_cz_oa08134456.png', '', 0),
(92, 5, 2, '收支账户', '/systemSetup/account', '1', 0, '', '', '', '', '', 0, '2020-09-15 16:34:01', '17670627203', '2020-09-16 15:50:22', '17670627203', 1, '/oa/cz/20200813/kj_cz_oa08134456.png', '', 0),
(93, 0, 1, '财务管理', '/financeManagement', '1', 0, '', '', '', '', '', 0, '2020-09-16 10:20:05', '17670627203', '2020-11-30 17:49:52', '17670627203', 0, '/kj/erp20201130/kj_erp11304950.png', '', 0),
(94, 5, 1, '统计报表', '/financeManagement/statistics', '1', 0, '', '', '', '', '', 0, '2020-09-16 10:20:37', '17670627203', '2020-09-16 10:30:08', '17670627203', 1, '/oa/cz/20200812/kj_cz_oa08124825.png', '', 0),
(95, 93, 2, '财务报表', '/financeManagement/index', '1', 2, '', '', '', '', '', 0, '2020-09-16 10:21:47', '17670627203', '2020-11-30 17:58:20', '17670627203', 0, '/kj/erp20201130/kj_erp11305817.png', '', 0),
(96, 93, 2, '收支类别', '/financeManagement/income', '1', 2, '', '', '', '', '', 0, '2020-09-16 15:45:32', '17670627203', '2020-11-30 17:58:32', '17670627203', 0, '/kj/erp20201130/kj_erp11305830.png', '', 0),
(97, 93, 2, '收支账户', '/financeManagement/account', '1', 2, '', '', '', '', '', 0, '2020-09-16 15:45:49', '17670627203', '2020-11-30 17:58:40', '17670627203', 0, '/kj/erp20201130/kj_erp11305838.png', '', 0),
(98, 0, 1, '产品管理', '/product/index', '1', 0, '', '', '', '', '', 0, '2020-11-12 11:29:52', '17670627203', '2020-11-30 17:56:46', '17670627203', 0, '/kj/erp20201130/kj_erp11305643.png', '', 0),
(99, 98, 2, '产品管理', '/product/index', '1', 0, '', '', '', '', '', 0, '2020-11-12 11:30:14', '17670627203', '2020-11-30 17:55:17', '17670627203', 0, '/kj/erp20201130/kj_erp11305514.png', '', 0),
(100, 98, 2, '进出库存管理', '/erpManagement/iandeBank?goodsType=1', '1', 0, '', '', '', '', '', 0, '2020-11-12 11:30:22', '17670627203', '2020-11-30 17:55:32', '17670627203', 0, '/kj/erp20201130/kj_erp11305529.png', '', 0),
(101, 98, 2, '进出库查询', '/erpManagement/iandeBankSearch?goodsType=1', '1', 0, '', '', '', '', '', 0, '2020-11-12 11:30:32', '17670627203', '2020-11-30 17:55:42', '17670627203', 0, '/kj/erp20201130/kj_erp11305540.png', '', 0),
(102, 98, 2, '库存变动表', '/erpManagement/stockChange?goodsType=1', '1', 0, '', '', '', '', '', 0, '2020-11-18 10:17:27', '17670627203', '2020-11-30 17:55:52', '17670627203', 0, '/kj/erp20201130/kj_erp11305550.png', '', 0),
(103, 98, 2, '库存查询', '/erpManagement/stock?goodsType=1', '1', 0, '', '', '', '', '', 0, '2020-11-18 10:20:02', '17670627203', '2020-11-30 17:56:01', '17670627203', 0, '/kj/erp20201130/kj_erp11305559.png', '', 0),
(104, 0, 1, '订单管理', '/order/index', '1', 0, '', '', '', '', '', 0, '2020-11-19 09:29:43', '17670627203', '2020-11-30 17:48:22', '17670627203', 0, '/kj/erp20201130/kj_erp11304820.png', '', 0),
(105, 104, 2, '订单查询', '/order/index', '1', 0, '', '', '', '', '', 0, '2020-11-19 09:30:02', '17670627203', '2020-11-30 17:52:28', '17670627203', 0, '/kj/erp20201130/kj_erp11305223.png', '', 0),
(106, 104, 2, '发货管理', '/order/manage', '1', 0, '', '', '', '', '', 0, '2020-11-19 09:30:24', '17670627203', '2020-11-30 17:52:43', '17670627203', 0, '/kj/erp20201130/kj_erp11305241.png', '', 0),
(107, 8, 2, '打印模板', '/systemSetup/printTemplate', '1', 0, '', '', '', '', '', 0, '2020-11-27 14:26:24', '17670627204', '2020-11-30 17:59:16', '17670627203', 0, '/kj/erp20201130/kj_erp11305915.png', '', 0),
(108, 93, 2, '订单收支', '/financeManagement/order', '1', 0, '', '', '', '', '', 0, '2020-12-10 14:09:34', '17670627203', '2020-12-11 11:34:17', '17670627203', 0, '/kj/erp20201211/kj_erp12113413.png', '', 0);

-- --------------------------------------------------------

--
-- 表的结构 `kj_sys_admin_power`
--

CREATE TABLE IF NOT EXISTS `kj_sys_admin_power` (
  `powerId` int(10) NOT NULL AUTO_INCREMENT COMMENT '权限id',
  `groupId` int(10) NOT NULL COMMENT '用户组id',
  `menuId` int(10) NOT NULL COMMENT '菜单id',
  `createTime` datetime DEFAULT NULL COMMENT '创建时间',
  `creator` varchar(32) CHARACTER SET utf8mb4 DEFAULT NULL COMMENT '创建用户',
  `updateTime` datetime DEFAULT NULL COMMENT '更新时间',
  `updater` varchar(32) CHARACTER SET utf8mb4 DEFAULT NULL COMMENT '更新用户',
  `isValid` tinyint(1) DEFAULT '0',
  `type` tinyint(1) DEFAULT '0',
  PRIMARY KEY (`powerId`) USING BTREE
) ENGINE=MyISAM  DEFAULT CHARSET=utf8 CHECKSUM=1 DELAY_KEY_WRITE=1 ROW_FORMAT=FIXED AUTO_INCREMENT=1428 ;

--
-- 转存表中的数据 `kj_sys_admin_power`
--

INSERT INTO `kj_sys_admin_power` (`powerId`, `groupId`, `menuId`, `createTime`, `creator`, `updateTime`, `updater`, `isValid`, `type`) VALUES
(1041, 1, 1, '2020-08-06 10:24:55', '18613962842', '2020-08-06 10:24:55', '18613962842', 0, 0),
(1042, 1, 2, '2020-08-06 17:56:39', '18613962842', '2020-08-06 17:56:39', '18613962842', 1, 0),
(1043, 1, 3, '2020-08-12 08:35:00', '18613962842', '2020-08-12 08:35:00', '18613962842', 0, 0),
(1044, 1, 4, '2020-08-12 08:35:28', '18613962842', '2020-08-12 08:35:28', '18613962842', 1, 0),
(1045, 1, 5, '2020-08-12 08:40:33', '18613962842', '2020-12-10 10:23:08', '管理员', 0, 0),
(1046, 1, 6, '2020-08-12 08:41:19', '18613962842', '2020-11-13 17:24:18', '管理员', 0, 0),
(1047, 1, 7, '2020-08-12 08:46:12', '18613962842', '2020-08-12 08:46:12', '18613962842', 1, 0),
(1048, 1, 8, '2020-08-12 08:48:29', '18613962842', '2020-09-01 09:17:57', '管理员', 0, 0),
(1049, 1, 9, '2020-08-12 09:28:22', '18613962842', '2020-08-12 09:28:22', '18613962842', 0, 0),
(1050, 1, 10, '2020-08-12 09:29:19', '18613962842', '2020-12-08 15:31:14', '管理员', 0, 0),
(1051, 1, 11, '2020-08-12 09:29:53', '18613962842', '2020-08-12 09:29:53', '18613962842', 1, 0),
(1052, 1, 12, '2020-08-12 09:31:59', '18613962842', '2020-08-12 09:31:59', '18613962842', 1, 0),
(1053, 1, 13, '2020-08-12 09:33:40', '18613962842', '2020-08-12 09:33:40', '18613962842', 1, 0),
(1054, 1, 14, '2020-08-12 09:34:05', '18613962842', '2020-08-12 09:34:05', '18613962842', 1, 0),
(1055, 1, 15, '2020-08-12 09:42:25', '18613962842', '2020-08-12 09:42:25', '18613962842', 1, 0),
(1056, 1, 16, '2020-08-12 09:43:21', '18613962842', '2020-08-12 09:43:21', '18613962842', 0, 0),
(1057, 1, 17, '2020-08-12 09:43:54', '18613962842', '2020-08-12 09:43:54', '18613962842', 0, 0),
(1058, 1, 18, '2020-08-12 09:45:51', '18613962842', '2020-08-12 09:45:51', '18613962842', 1, 0),
(1059, 1, 19, '2020-08-12 09:51:53', '18613962842', '2020-08-12 09:51:53', '18613962842', 1, 0),
(1060, 1, 20, '2020-08-12 09:53:11', '18613962842', '2020-08-12 09:53:11', '18613962842', 1, 0),
(1061, 1, 21, '2020-08-12 09:53:32', '18613962842', '2020-08-12 09:53:32', '18613962842', 1, 0),
(1062, 1, 22, '2020-08-12 09:54:57', '18613962842', '2020-12-10 10:23:08', '管理员', 0, 0),
(1063, 1, 23, '2020-08-12 09:58:04', '18613962842', '2020-11-13 17:24:18', '管理员', 0, 0),
(1064, 1, 24, '2020-08-12 09:58:31', '18613962842', '2020-08-12 09:58:31', '18613962842', 1, 0),
(1065, 1, 25, '2020-08-12 10:05:12', '18613962842', '2020-11-13 17:24:18', '管理员', 0, 0),
(1066, 1, 26, '2020-08-12 10:16:56', '18613962842', '2020-11-13 17:24:18', '管理员', 0, 0),
(1067, 1, 27, '2020-08-12 10:18:16', '18613962842', '2020-11-13 17:24:18', '管理员', 0, 0),
(1068, 1, 28, '2020-08-12 10:18:42', '18613962842', '2020-11-13 17:24:18', '管理员', 1, 0),
(1069, 1, 29, '2020-08-12 10:24:00', '18613962842', '2020-11-13 17:24:18', '管理员', 0, 0),
(1070, 1, 30, '2020-08-12 10:26:47', '18613962842', '2020-08-12 10:26:47', '18613962842', 1, 0),
(1071, 1, 31, '2020-08-12 10:27:27', '18613962842', '2020-09-01 09:17:57', '管理员', 0, 0),
(1072, 1, 32, '2020-08-12 10:27:55', '18613962842', '2020-09-01 09:17:57', '管理员', 0, 0),
(1073, 1, 33, '2020-08-12 10:28:25', '18613962842', '2020-09-01 09:17:57', '管理员', 0, 0),
(1074, 1, 34, '2020-08-12 10:28:45', '18613962842', '2020-09-01 09:17:57', '管理员', 0, 0),
(1075, 1, 35, '2020-08-12 10:29:10', '18613962842', '2020-09-01 09:17:57', '管理员', 1, 0),
(1076, 1, 36, '2020-08-12 11:15:53', '18613962842', '2020-08-12 11:15:53', '18613962842', 1, 0),
(1077, 1, 37, '2020-08-12 11:16:17', '18613962842', '2020-08-12 11:16:17', '18613962842', 1, 0),
(1078, 3, 1, '2020-08-12 11:49:06', '18613962842', '2020-08-12 11:49:06', '18613962842', 0, 0),
(1079, 3, 37, '2020-08-12 11:49:06', '18613962842', '2020-08-12 11:49:06', '18613962842', 0, 0),
(1080, 3, 36, '2020-08-12 11:49:06', '18613962842', '2020-08-12 11:49:06', '18613962842', 0, 0),
(1081, 3, 12, '2020-08-12 11:49:06', '18613962842', '2020-08-12 11:49:06', '18613962842', 0, 0),
(1082, 3, 11, '2020-08-12 11:49:06', '18613962842', '2020-08-12 11:49:06', '18613962842', 0, 0),
(1083, 3, 10, '2020-08-12 11:49:06', '18613962842', '2020-08-12 11:49:06', '18613962842', 0, 0),
(1084, 3, 9, '2020-08-12 11:49:06', '18613962842', '2020-08-12 11:49:06', '18613962842', 0, 0),
(1085, 3, 2, '2020-08-12 11:49:06', '18613962842', '2020-08-12 11:49:06', '18613962842', 0, 0),
(1086, 3, 14, '2020-08-12 11:49:06', '18613962842', '2020-08-12 11:49:06', '18613962842', 0, 0),
(1087, 3, 15, '2020-08-12 11:49:06', '18613962842', '2020-08-12 11:49:06', '18613962842', 0, 0),
(1088, 3, 13, '2020-08-12 11:49:06', '18613962842', '2020-08-12 11:49:06', '18613962842', 0, 0),
(1089, 1, 38, '2020-08-12 16:50:44', '17670627203', '2020-08-12 16:50:44', '17670627203', 1, 0),
(1090, 1, 39, '2020-08-13 10:28:58', '17670627203', '2020-08-13 10:28:58', '17670627203', 1, 0),
(1091, 1, 40, '2020-08-13 10:30:00', '17670627203', '2020-08-13 10:30:00', '17670627203', 1, 0),
(1092, 1, 41, '2020-08-13 10:32:56', '17670627203', '2020-08-13 10:32:56', '17670627203', 1, 0),
(1093, 1, 42, '2020-08-13 10:43:01', '17670627203', '2020-08-13 10:43:01', '17670627203', 1, 0),
(1094, 6, 41, '2020-08-13 10:43:11', '17670627203', '2020-08-13 10:53:51', '管理员', 1, 0),
(1095, 6, 42, '2020-08-13 10:43:11', '17670627203', '2020-08-13 10:53:20', '管理员', 1, 0),
(1096, 6, 1, '2020-08-13 10:50:26', '17670627203', '2020-08-13 10:50:26', '17670627203', 1, 0),
(1097, 6, 37, '2020-08-13 10:50:26', '17670627203', '2020-08-13 10:50:26', '17670627203', 1, 0),
(1098, 6, 36, '2020-08-13 10:50:26', '17670627203', '2020-08-13 10:50:26', '17670627203', 1, 0),
(1099, 6, 12, '2020-08-13 10:50:26', '17670627203', '2020-08-13 10:50:26', '17670627203', 1, 0),
(1100, 6, 11, '2020-08-13 10:50:26', '17670627203', '2020-08-13 10:50:26', '17670627203', 1, 0),
(1101, 6, 10, '2020-08-13 10:50:26', '17670627203', '2020-08-13 10:50:26', '17670627203', 1, 0),
(1102, 6, 9, '2020-08-13 10:50:26', '17670627203', '2020-08-13 10:50:26', '17670627203', 1, 0),
(1103, 6, 2, '2020-08-13 10:50:26', '17670627203', '2020-08-13 10:50:26', '17670627203', 1, 0),
(1104, 6, 38, '2020-08-13 10:50:26', '17670627203', '2020-08-13 10:50:26', '17670627203', 1, 0),
(1105, 6, 14, '2020-08-13 10:50:26', '17670627203', '2020-08-13 10:50:26', '17670627203', 1, 0),
(1106, 6, 15, '2020-08-13 10:50:26', '17670627203', '2020-08-13 10:50:26', '17670627203', 1, 0),
(1107, 6, 13, '2020-08-13 10:50:26', '17670627203', '2020-08-13 10:50:26', '17670627203', 1, 0),
(1108, 6, 4, '2020-08-13 10:50:26', '17670627203', '2020-08-13 10:50:26', '17670627203', 1, 0),
(1109, 6, 21, '2020-08-13 10:50:26', '17670627203', '2020-08-13 10:50:26', '17670627203', 1, 0),
(1110, 6, 19, '2020-08-13 10:50:26', '17670627203', '2020-08-13 10:50:26', '17670627203', 1, 0),
(1111, 6, 20, '2020-08-13 10:50:26', '17670627203', '2020-08-13 10:50:26', '17670627203', 1, 0),
(1112, 6, 6, '2020-08-13 10:50:26', '17670627203', '2020-08-13 10:50:26', '17670627203', 1, 0),
(1113, 6, 29, '2020-08-13 10:50:26', '17670627203', '2020-08-13 10:50:26', '17670627203', 1, 0),
(1114, 6, 28, '2020-08-13 10:50:26', '17670627203', '2020-08-13 10:50:26', '17670627203', 1, 0),
(1115, 6, 27, '2020-08-13 10:50:26', '17670627203', '2020-08-13 10:50:26', '17670627203', 1, 0),
(1116, 6, 26, '2020-08-13 10:50:26', '17670627203', '2020-08-13 10:50:26', '17670627203', 1, 0),
(1117, 6, 25, '2020-08-13 10:50:26', '17670627203', '2020-08-13 10:50:26', '17670627203', 1, 0),
(1118, 6, 23, '2020-08-13 10:50:26', '17670627203', '2020-08-13 10:50:26', '17670627203', 1, 0),
(1119, 6, 8, '2020-08-13 10:54:14', '17670627203', '2020-08-13 11:03:13', '管理员', 0, 0),
(1120, 6, 32, '2020-08-13 10:54:14', '17670627203', '2020-08-13 11:03:13', '管理员', 0, 0),
(1121, 6, 35, '2020-08-13 10:54:14', '17670627203', '2020-08-13 11:03:13', '管理员', 0, 0),
(1122, 6, 34, '2020-08-13 10:54:14', '17670627203', '2020-08-13 11:03:13', '管理员', 0, 0),
(1123, 6, 33, '2020-08-13 10:54:14', '17670627203', '2020-08-13 11:03:13', '管理员', 0, 0),
(1124, 6, 31, '2020-08-13 10:54:14', '17670627203', '2020-08-13 11:03:13', '管理员', 0, 0),
(1125, 6, 41, '2020-08-13 11:03:20', '17670627203', '2020-08-13 11:03:20', '17670627203', 0, 1),
(1126, 6, 42, '2020-08-13 11:03:20', '17670627203', '2020-08-13 11:03:20', '17670627203', 0, 1),
(1127, 7, 2, '2020-08-13 11:04:40', '17670627203', '2020-08-13 11:04:40', '17670627203', 0, 0),
(1128, 7, 38, '2020-08-13 11:04:40', '17670627203', '2020-08-13 11:04:40', '17670627203', 0, 0),
(1129, 7, 14, '2020-08-13 11:04:40', '17670627203', '2020-08-13 11:04:40', '17670627203', 0, 0),
(1130, 7, 15, '2020-08-13 11:04:40', '17670627203', '2020-08-13 11:04:40', '17670627203', 0, 0),
(1131, 7, 13, '2020-08-13 11:04:40', '17670627203', '2020-08-13 11:04:40', '17670627203', 0, 0),
(1132, 7, 41, '2020-08-13 11:04:56', '17670627203', '2020-08-13 11:04:56', '17670627203', 1, 1),
(1133, 1, 43, '2020-08-13 14:29:32', '17670627203', '2020-08-13 14:29:32', '17670627203', 1, 0),
(1134, 1, 44, '2020-08-13 14:43:20', '17670627203', '2020-08-13 14:43:20', '17670627203', 1, 0),
(1135, 1, 45, '2020-08-13 14:43:44', '17670627203', '2020-08-13 14:43:44', '17670627203', 1, 0),
(1136, 1, 46, '2020-08-13 14:48:13', '17670627203', '2020-08-13 17:59:04', '管理员', 1, 0),
(1137, 1, 47, '2020-08-13 14:48:32', '17670627203', '2020-08-13 17:59:04', '管理员', 1, 0),
(1138, 1, 48, '2020-08-13 14:48:49', '17670627203', '2020-08-13 17:59:04', '管理员', 1, 0),
(1139, 1, 49, '2020-08-13 14:49:10', '17670627203', '2020-08-13 17:59:04', '管理员', 1, 0),
(1140, 1, 50, '2020-08-13 14:49:50', '17670627203', '2020-08-13 17:59:04', '管理员', 1, 0),
(1141, 1, 46, '2020-08-13 14:50:04', '17670627203', '2020-08-13 17:59:04', '管理员', 0, 1),
(1142, 1, 47, '2020-08-13 14:50:04', '17670627203', '2020-08-13 17:59:04', '管理员', 0, 1),
(1143, 1, 48, '2020-08-13 14:50:04', '17670627203', '2020-08-13 17:59:04', '管理员', 0, 1),
(1144, 1, 49, '2020-08-13 14:50:04', '17670627203', '2020-08-13 17:59:04', '管理员', 0, 1),
(1145, 1, 50, '2020-08-13 14:50:04', '17670627203', '2020-08-13 17:59:04', '管理员', 0, 1),
(1146, 1, 51, '2020-08-13 15:55:52', '17670627203', '2020-08-13 17:59:04', '管理员', 1, 0),
(1147, 1, 52, '2020-08-13 15:56:12', '17670627203', '2020-08-13 17:59:04', '管理员', 1, 0),
(1148, 1, 53, '2020-08-13 16:04:26', '17670627203', '2020-08-13 17:59:04', '管理员', 1, 0),
(1149, 1, 54, '2020-08-13 16:04:51', '17670627203', '2020-08-13 17:59:04', '管理员', 1, 0),
(1150, 1, 55, '2020-08-13 16:05:24', '17670627203', '2020-08-13 17:59:04', '管理员', 1, 0),
(1151, 1, 56, '2020-08-13 16:14:09', '17670627203', '2020-09-07 17:43:39', '管理员', 1, 0),
(1152, 1, 57, '2020-08-13 16:15:00', '17670627203', '2020-09-07 17:43:39', '管理员', 1, 0),
(1153, 1, 58, '2020-08-13 16:15:23', '17670627203', '2020-09-07 17:43:39', '管理员', 1, 0),
(1154, 1, 59, '2020-08-13 16:15:45', '17670627203', '2020-09-07 17:43:39', '管理员', 1, 0),
(1155, 1, 60, '2020-08-13 16:16:12', '17670627203', '2020-09-07 17:43:39', '管理员', 1, 0),
(1156, 1, 61, '2020-08-13 16:16:36', '17670627203', '2020-09-07 17:43:39', '管理员', 1, 0),
(1157, 1, 62, '2020-08-13 16:17:00', '17670627203', '2020-09-07 17:43:39', '管理员', 1, 0),
(1158, 1, 63, '2020-08-13 16:17:30', '17670627203', '2020-09-07 17:43:39', '管理员', 1, 0),
(1159, 1, 64, '2020-08-13 16:17:50', '17670627203', '2020-09-07 17:43:39', '管理员', 1, 0),
(1160, 1, 65, '2020-08-13 16:18:58', '17670627203', '2020-09-07 17:44:00', '管理员', 1, 0),
(1161, 1, 66, '2020-08-13 16:19:29', '17670627203', '2020-09-07 17:44:00', '管理员', 1, 0),
(1162, 1, 67, '2020-08-13 16:19:54', '17670627203', '2020-09-07 17:44:00', '管理员', 1, 0),
(1163, 1, 68, '2020-08-13 16:20:20', '17670627203', '2020-09-07 17:44:00', '管理员', 1, 0),
(1164, 1, 69, '2020-08-13 16:20:49', '17670627203', '2020-09-07 17:44:00', '管理员', 1, 0),
(1165, 1, 70, '2020-08-13 16:21:14', '17670627203', '2020-09-07 17:44:00', '管理员', 1, 0),
(1166, 1, 71, '2020-08-13 16:21:36', '17670627203', '2020-09-07 17:44:00', '管理员', 1, 0),
(1167, 1, 72, '2020-08-13 16:22:12', '17670627203', '2020-09-07 17:44:00', '管理员', 1, 0),
(1168, 1, 56, '2020-08-13 17:19:38', '17670627203', '2020-09-07 17:43:39', '管理员', 0, 1),
(1169, 1, 57, '2020-08-13 17:19:38', '17670627203', '2020-09-07 17:43:39', '管理员', 0, 1),
(1170, 1, 58, '2020-08-13 17:19:38', '17670627203', '2020-09-07 17:43:39', '管理员', 0, 1),
(1171, 1, 59, '2020-08-13 17:19:38', '17670627203', '2020-09-07 17:43:39', '管理员', 0, 1),
(1172, 1, 60, '2020-08-13 17:19:38', '17670627203', '2020-09-07 17:43:39', '管理员', 0, 1),
(1173, 1, 61, '2020-08-13 17:19:38', '17670627203', '2020-09-07 17:43:39', '管理员', 0, 1),
(1174, 1, 62, '2020-08-13 17:19:38', '17670627203', '2020-09-07 17:43:39', '管理员', 0, 1),
(1175, 1, 63, '2020-08-13 17:19:38', '17670627203', '2020-09-07 17:43:39', '管理员', 0, 1),
(1176, 1, 64, '2020-08-13 17:19:38', '17670627203', '2020-09-07 17:43:39', '管理员', 0, 1),
(1177, 1, 51, '2020-08-13 17:40:50', '17670627203', '2020-08-13 17:59:04', '管理员', 0, 1),
(1178, 1, 52, '2020-08-13 17:40:50', '17670627203', '2020-08-13 17:59:04', '管理员', 0, 1),
(1179, 1, 53, '2020-08-13 17:40:50', '17670627203', '2020-08-13 17:59:04', '管理员', 0, 1),
(1180, 1, 54, '2020-08-13 17:40:50', '17670627203', '2020-08-13 17:59:04', '管理员', 0, 1),
(1181, 1, 55, '2020-08-13 17:40:50', '17670627203', '2020-08-13 17:59:04', '管理员', 0, 1),
(1182, 1, 65, '2020-08-13 17:42:19', '17670627203', '2020-09-07 17:44:00', '管理员', 0, 1),
(1183, 1, 66, '2020-08-13 17:42:19', '17670627203', '2020-09-07 17:44:00', '管理员', 0, 1),
(1184, 1, 67, '2020-08-13 17:42:19', '17670627203', '2020-09-07 17:44:00', '管理员', 0, 1),
(1185, 1, 68, '2020-08-13 17:42:19', '17670627203', '2020-09-07 17:44:00', '管理员', 0, 1),
(1186, 1, 69, '2020-08-13 17:42:19', '17670627203', '2020-09-07 17:44:00', '管理员', 0, 1),
(1187, 1, 70, '2020-08-13 17:42:19', '17670627203', '2020-09-07 17:44:00', '管理员', 0, 1),
(1188, 1, 71, '2020-08-13 17:42:19', '17670627203', '2020-09-07 17:44:00', '管理员', 0, 1),
(1189, 1, 72, '2020-08-13 17:42:19', '17670627203', '2020-09-07 17:44:00', '管理员', 0, 1),
(1190, 7, 46, '2020-08-13 17:58:54', '18613962842', '2020-08-13 17:58:54', '18613962842', 0, 1),
(1191, 7, 47, '2020-08-13 17:58:54', '18613962842', '2020-08-13 17:58:54', '18613962842', 0, 1),
(1192, 7, 48, '2020-08-13 17:58:54', '18613962842', '2020-08-13 17:58:54', '18613962842', 0, 1),
(1193, 7, 49, '2020-08-13 17:58:54', '18613962842', '2020-08-13 17:58:54', '18613962842', 0, 1),
(1194, 7, 50, '2020-08-13 17:58:54', '18613962842', '2020-08-13 17:58:54', '18613962842', 0, 1),
(1195, 7, 51, '2020-08-13 17:58:54', '18613962842', '2020-08-13 17:58:54', '18613962842', 0, 1),
(1196, 7, 52, '2020-08-13 17:58:54', '18613962842', '2020-08-13 17:58:54', '18613962842', 0, 1),
(1197, 7, 53, '2020-08-13 17:58:54', '18613962842', '2020-08-13 17:58:54', '18613962842', 0, 1),
(1198, 7, 54, '2020-08-13 17:58:54', '18613962842', '2020-08-13 17:58:54', '18613962842', 0, 1),
(1199, 7, 55, '2020-08-13 17:58:54', '18613962842', '2020-08-13 17:58:54', '18613962842', 0, 1),
(1200, 2, 46, '2020-08-14 09:41:57', '17670627203', '2020-08-14 09:41:57', '17670627203', 0, 1),
(1201, 2, 47, '2020-08-14 09:41:57', '17670627203', '2020-08-14 09:41:57', '17670627203', 0, 1),
(1202, 2, 48, '2020-08-14 09:41:57', '17670627203', '2020-08-14 09:41:57', '17670627203', 0, 1),
(1203, 2, 49, '2020-08-14 09:41:57', '17670627203', '2020-08-14 09:41:57', '17670627203', 0, 1),
(1204, 2, 50, '2020-08-14 09:41:57', '17670627203', '2020-08-14 09:41:57', '17670627203', 0, 1),
(1205, 2, 51, '2020-08-14 09:41:57', '17670627203', '2020-08-14 09:41:57', '17670627203', 0, 1),
(1206, 2, 52, '2020-08-14 09:41:57', '17670627203', '2020-08-14 09:41:57', '17670627203', 0, 1),
(1207, 2, 53, '2020-08-14 09:41:57', '17670627203', '2020-08-14 09:41:57', '17670627203', 0, 1),
(1208, 2, 54, '2020-08-14 09:41:57', '17670627203', '2020-08-14 09:41:57', '17670627203', 0, 1),
(1209, 2, 55, '2020-08-14 09:41:57', '17670627203', '2020-08-14 09:41:57', '17670627203', 0, 1),
(1210, 2, 56, '2020-08-14 09:41:57', '17670627203', '2020-08-14 09:41:57', '17670627203', 0, 1),
(1211, 2, 57, '2020-08-14 09:41:57', '17670627203', '2020-08-14 09:41:57', '17670627203', 0, 1),
(1212, 2, 58, '2020-08-14 09:41:57', '17670627203', '2020-08-14 09:41:57', '17670627203', 0, 1),
(1213, 2, 59, '2020-08-14 09:41:57', '17670627203', '2020-08-14 09:41:57', '17670627203', 0, 1),
(1214, 2, 60, '2020-08-14 09:41:57', '17670627203', '2020-08-14 09:41:57', '17670627203', 0, 1),
(1215, 2, 61, '2020-08-14 09:41:57', '17670627203', '2020-08-14 09:41:57', '17670627203', 0, 1),
(1216, 2, 62, '2020-08-14 09:41:57', '17670627203', '2020-08-14 09:41:57', '17670627203', 0, 1),
(1217, 2, 63, '2020-08-14 09:41:57', '17670627203', '2020-08-14 09:41:57', '17670627203', 0, 1),
(1218, 2, 64, '2020-08-14 09:41:57', '17670627203', '2020-08-14 09:41:57', '17670627203', 0, 1),
(1219, 2, 65, '2020-08-14 09:41:57', '17670627203', '2020-08-14 09:41:57', '17670627203', 0, 1),
(1220, 2, 66, '2020-08-14 09:41:57', '17670627203', '2020-08-14 09:41:57', '17670627203', 0, 1),
(1221, 2, 67, '2020-08-14 09:41:57', '17670627203', '2020-08-14 09:41:57', '17670627203', 0, 1),
(1222, 2, 68, '2020-08-14 09:41:57', '17670627203', '2020-08-14 09:41:57', '17670627203', 0, 1),
(1223, 2, 69, '2020-08-14 09:41:57', '17670627203', '2020-08-14 09:41:57', '17670627203', 0, 1),
(1224, 2, 70, '2020-08-14 09:41:57', '17670627203', '2020-08-14 09:41:57', '17670627203', 0, 1),
(1225, 2, 71, '2020-08-14 09:41:57', '17670627203', '2020-08-14 09:41:57', '17670627203', 0, 1),
(1226, 2, 72, '2020-08-14 09:41:57', '17670627203', '2020-08-14 09:41:57', '17670627203', 0, 1),
(1227, 2, 1, '2020-08-15 11:16:04', '17670627203', '2020-08-15 11:16:04', '17670627203', 0, 0),
(1228, 2, 9, '2020-08-15 11:16:04', '17670627203', '2020-08-15 11:16:04', '17670627203', 0, 0),
(1229, 2, 10, '2020-08-15 11:16:04', '17670627203', '2020-08-15 11:16:04', '17670627203', 0, 0),
(1230, 2, 11, '2020-08-15 11:16:04', '17670627203', '2020-08-15 11:16:04', '17670627203', 1, 0),
(1231, 2, 12, '2020-08-15 11:16:04', '17670627203', '2020-08-15 11:16:04', '17670627203', 1, 0),
(1232, 2, 37, '2020-08-15 11:16:04', '17670627203', '2020-08-15 11:16:04', '17670627203', 1, 0),
(1233, 2, 2, '2020-08-15 11:16:04', '17670627203', '2020-08-15 11:16:04', '17670627203', 1, 0),
(1234, 2, 13, '2020-08-15 11:16:04', '17670627203', '2020-08-15 11:16:04', '17670627203', 1, 0),
(1235, 2, 15, '2020-08-15 11:16:04', '17670627203', '2020-08-15 11:16:04', '17670627203', 1, 0),
(1236, 2, 14, '2020-08-15 11:16:04', '17670627203', '2020-08-15 11:16:04', '17670627203', 1, 0),
(1237, 2, 38, '2020-08-15 11:16:04', '17670627203', '2020-08-15 11:16:04', '17670627203', 1, 0),
(1238, 2, 3, '2020-08-15 11:16:04', '17670627203', '2020-08-15 11:16:04', '17670627203', 0, 0),
(1239, 2, 16, '2020-08-15 11:16:04', '17670627203', '2020-08-15 11:16:04', '17670627203', 0, 0),
(1240, 2, 17, '2020-08-15 11:16:04', '17670627203', '2020-08-15 11:16:04', '17670627203', 0, 0),
(1241, 2, 18, '2020-08-15 11:16:04', '17670627203', '2020-08-15 11:16:04', '17670627203', 0, 0),
(1242, 2, 4, '2020-08-15 11:16:04', '17670627203', '2020-08-15 11:16:04', '17670627203', 0, 0),
(1243, 2, 20, '2020-08-15 11:16:04', '17670627203', '2020-08-15 11:16:04', '17670627203', 0, 0),
(1244, 2, 19, '2020-08-15 11:16:04', '17670627203', '2020-08-15 11:16:04', '17670627203', 0, 0),
(1245, 2, 21, '2020-08-15 11:16:04', '17670627203', '2020-08-15 11:16:04', '17670627203', 0, 0),
(1246, 2, 5, '2020-08-15 11:16:04', '17670627203', '2020-08-15 11:16:04', '17670627203', 0, 0),
(1247, 2, 22, '2020-08-15 11:16:04', '17670627203', '2020-08-15 11:16:04', '17670627203', 0, 0),
(1248, 2, 6, '2020-08-15 11:16:04', '17670627203', '2020-08-15 11:16:04', '17670627203', 0, 0),
(1249, 2, 23, '2020-08-15 11:16:04', '17670627203', '2020-08-15 11:16:04', '17670627203', 0, 0),
(1250, 2, 25, '2020-08-15 11:16:04', '17670627203', '2020-08-15 11:16:04', '17670627203', 0, 0),
(1251, 2, 26, '2020-08-15 11:16:04', '17670627203', '2020-08-15 11:16:04', '17670627203', 0, 0),
(1252, 2, 27, '2020-08-15 11:16:04', '17670627203', '2020-08-15 11:16:04', '17670627203', 0, 0),
(1253, 2, 28, '2020-08-15 11:16:04', '17670627203', '2020-08-15 11:16:04', '17670627203', 0, 0),
(1254, 2, 29, '2020-08-15 11:16:04', '17670627203', '2020-08-15 11:16:04', '17670627203', 0, 0),
(1255, 2, 7, '2020-08-15 11:16:04', '17670627203', '2020-08-15 11:16:04', '17670627203', 0, 0),
(1256, 2, 30, '2020-08-15 11:16:04', '17670627203', '2020-08-15 11:16:04', '17670627203', 0, 0),
(1257, 2, 8, '2020-08-15 11:16:04', '17670627203', '2020-08-15 11:16:04', '17670627203', 0, 0),
(1258, 2, 31, '2020-08-15 11:16:04', '17670627203', '2020-08-15 11:16:04', '17670627203', 0, 0),
(1259, 2, 33, '2020-08-15 11:16:04', '17670627203', '2020-08-15 11:16:04', '17670627203', 0, 0),
(1260, 2, 34, '2020-08-15 11:16:04', '17670627203', '2020-08-15 11:16:04', '17670627203', 0, 0),
(1261, 2, 35, '2020-08-15 11:16:04', '17670627203', '2020-08-15 11:16:04', '17670627203', 0, 0),
(1262, 2, 32, '2020-08-15 11:16:04', '17670627203', '2020-08-15 11:16:04', '17670627203', 0, 0),
(1263, 10, 1, '2020-08-21 09:15:32', '17670627203', '2020-08-21 09:15:32', '17670627203', 0, 0),
(1264, 10, 9, '2020-08-21 09:15:32', '17670627203', '2020-08-21 09:15:32', '17670627203', 0, 0),
(1265, 10, 10, '2020-08-21 09:15:32', '17670627203', '2020-08-21 09:15:32', '17670627203', 0, 0),
(1266, 10, 11, '2020-08-21 09:15:32', '17670627203', '2020-08-21 09:15:32', '17670627203', 0, 0),
(1267, 10, 12, '2020-08-21 09:15:32', '17670627203', '2020-08-21 09:15:32', '17670627203', 0, 0),
(1268, 10, 37, '2020-08-21 09:15:32', '17670627203', '2020-08-21 09:15:32', '17670627203', 0, 0),
(1269, 10, 46, '2020-08-21 09:15:41', '17670627203', '2020-08-21 09:15:41', '17670627203', 0, 1),
(1270, 10, 47, '2020-08-21 09:15:41', '17670627203', '2020-08-21 09:15:41', '17670627203', 0, 1),
(1271, 10, 48, '2020-08-21 09:15:41', '17670627203', '2020-08-21 09:15:41', '17670627203', 0, 1),
(1272, 10, 49, '2020-08-21 09:15:41', '17670627203', '2020-08-21 09:15:41', '17670627203', 0, 1),
(1273, 10, 50, '2020-08-21 09:15:41', '17670627203', '2020-08-21 09:15:41', '17670627203', 0, 1),
(1274, 10, 51, '2020-08-21 09:15:41', '17670627203', '2020-08-21 09:15:41', '17670627203', 0, 1),
(1275, 10, 52, '2020-08-21 09:15:41', '17670627203', '2020-08-21 09:15:41', '17670627203', 0, 1),
(1276, 10, 53, '2020-08-21 09:15:41', '17670627203', '2020-08-21 09:15:41', '17670627203', 0, 1),
(1277, 10, 54, '2020-08-21 09:15:41', '17670627203', '2020-08-21 09:15:41', '17670627203', 0, 1),
(1278, 10, 55, '2020-08-21 09:15:41', '17670627203', '2020-08-21 09:15:41', '17670627203', 0, 1),
(1279, 11, 1, '2020-08-28 14:27:14', '17670627203', '2020-08-28 14:27:14', '17670627203', 1, 0),
(1280, 11, 9, '2020-08-28 14:27:14', '17670627203', '2020-08-28 14:27:14', '17670627203', 1, 0),
(1281, 11, 10, '2020-08-28 14:27:14', '17670627203', '2020-08-28 14:27:14', '17670627203', 1, 0),
(1282, 11, 11, '2020-08-28 14:27:14', '17670627203', '2020-08-28 14:27:14', '17670627203', 1, 0),
(1283, 11, 12, '2020-08-28 14:27:14', '17670627203', '2020-08-28 14:27:14', '17670627203', 1, 0),
(1284, 11, 37, '2020-08-28 14:27:14', '17670627203', '2020-08-28 14:27:14', '17670627203', 1, 0),
(1285, 11, 2, '2020-08-28 14:27:14', '17670627203', '2020-08-28 14:27:14', '17670627203', 1, 0),
(1286, 11, 13, '2020-08-28 14:27:14', '17670627203', '2020-08-28 14:27:14', '17670627203', 1, 0),
(1287, 11, 15, '2020-08-28 14:27:14', '17670627203', '2020-08-28 14:27:14', '17670627203', 1, 0),
(1288, 11, 14, '2020-08-28 14:27:14', '17670627203', '2020-08-28 14:27:14', '17670627203', 1, 0),
(1289, 11, 38, '2020-08-28 14:27:14', '17670627203', '2020-08-28 14:27:14', '17670627203', 1, 0),
(1290, 11, 3, '2020-08-28 14:27:14', '17670627203', '2020-08-28 14:27:14', '17670627203', 0, 0),
(1291, 11, 16, '2020-08-28 14:27:14', '17670627203', '2020-08-28 14:27:14', '17670627203', 0, 0),
(1292, 11, 17, '2020-08-28 14:27:14', '17670627203', '2020-08-28 14:27:14', '17670627203', 0, 0),
(1293, 11, 18, '2020-08-28 14:27:14', '17670627203', '2020-08-28 14:27:14', '17670627203', 1, 0),
(1294, 11, 4, '2020-08-28 14:27:14', '17670627203', '2020-08-28 14:27:14', '17670627203', 1, 0),
(1295, 11, 20, '2020-08-28 14:27:14', '17670627203', '2020-08-28 14:27:14', '17670627203', 1, 0),
(1296, 11, 19, '2020-08-28 14:27:14', '17670627203', '2020-08-28 14:27:14', '17670627203', 1, 0),
(1297, 11, 21, '2020-08-28 14:27:14', '17670627203', '2020-08-28 14:27:14', '17670627203', 1, 0),
(1298, 11, 5, '2020-08-28 14:27:14', '17670627203', '2020-08-28 14:27:14', '17670627203', 1, 0),
(1299, 11, 22, '2020-08-28 14:27:14', '17670627203', '2020-08-28 14:27:14', '17670627203', 1, 0),
(1300, 11, 6, '2020-08-28 14:27:14', '17670627203', '2020-08-28 14:27:14', '17670627203', 1, 0),
(1301, 11, 23, '2020-08-28 14:27:14', '17670627203', '2020-08-28 14:27:14', '17670627203', 1, 0),
(1302, 11, 25, '2020-08-28 14:27:14', '17670627203', '2020-08-28 14:27:14', '17670627203', 1, 0),
(1303, 11, 26, '2020-08-28 14:27:14', '17670627203', '2020-08-28 14:27:14', '17670627203', 1, 0),
(1304, 11, 27, '2020-08-28 14:27:14', '17670627203', '2020-08-28 14:27:14', '17670627203', 1, 0),
(1305, 11, 28, '2020-08-28 14:27:14', '17670627203', '2020-08-28 14:27:14', '17670627203', 1, 0),
(1306, 11, 29, '2020-08-28 14:27:14', '17670627203', '2020-08-28 14:27:14', '17670627203', 1, 0),
(1307, 11, 7, '2020-08-28 14:27:14', '17670627203', '2020-08-28 14:27:14', '17670627203', 1, 0),
(1308, 11, 30, '2020-08-28 14:27:14', '17670627203', '2020-08-28 14:27:14', '17670627203', 1, 0),
(1309, 11, 8, '2020-08-28 14:27:14', '17670627203', '2020-08-28 14:27:14', '17670627203', 1, 0),
(1310, 11, 31, '2020-08-28 14:27:14', '17670627203', '2020-08-28 14:27:14', '17670627203', 1, 0),
(1311, 11, 33, '2020-08-28 14:27:14', '17670627203', '2020-08-28 14:27:14', '17670627203', 1, 0),
(1312, 11, 34, '2020-08-28 14:27:14', '17670627203', '2020-08-28 14:27:14', '17670627203', 1, 0),
(1313, 11, 35, '2020-08-28 14:27:14', '17670627203', '2020-08-28 14:27:14', '17670627203', 1, 0),
(1314, 11, 32, '2020-08-28 14:27:14', '17670627203', '2020-08-28 14:27:14', '17670627203', 1, 0),
(1315, 1, 73, '2020-08-29 15:23:27', '', '2020-08-29 15:23:27', '', 1, 0),
(1316, 1, 74, '2020-08-29 15:24:23', '', '2020-08-29 15:24:23', '', 1, 0),
(1317, 1, 75, '2020-08-29 15:24:40', '', '2020-08-29 15:24:40', '', 1, 0),
(1318, 1, 76, '2020-08-29 15:24:57', '', '2020-08-29 15:24:57', '', 1, 0),
(1319, 1, 73, '2020-08-29 15:29:11', '13786300877', '2020-08-29 15:29:11', '13786300877', 0, 1),
(1320, 1, 74, '2020-08-29 15:29:11', '13786300877', '2020-08-29 15:29:11', '13786300877', 0, 1),
(1321, 1, 75, '2020-08-29 15:29:11', '13786300877', '2020-08-29 15:29:11', '13786300877', 0, 1),
(1322, 1, 76, '2020-08-29 15:29:11', '13786300877', '2020-08-29 15:29:11', '13786300877', 0, 1),
(1323, 2, 73, '2020-08-29 15:29:26', '13786300877', '2020-08-29 16:19:53', '管理员', 0, 1),
(1324, 2, 74, '2020-08-29 15:29:26', '13786300877', '2020-08-29 16:19:53', '管理员', 0, 1),
(1325, 2, 75, '2020-08-29 15:29:26', '13786300877', '2020-08-29 16:21:13', '管理员', 0, 1),
(1326, 2, 76, '2020-08-29 15:29:26', '13786300877', '2020-08-31 09:43:37', '管理员', 0, 1),
(1327, 1, 77, '2020-08-31 15:11:56', '17670627203', '2020-08-31 15:11:56', '17670627203', 1, 0),
(1328, 1, 78, '2020-08-31 15:33:33', '17670627203', '2020-08-31 15:33:33', '17670627203', 1, 0),
(1329, 1, 79, '2020-08-31 17:31:36', '17670627203', '2020-08-31 17:31:36', '17670627203', 1, 0),
(1330, 1, 80, '2020-08-31 17:43:15', '17670627203', '2020-08-31 17:43:15', '17670627203', 1, 0),
(1331, 1, 81, '2020-08-31 18:08:08', '17670627203', '2020-08-31 18:08:08', '17670627203', 1, 0),
(1332, 1, 82, '2020-09-01 11:29:53', '17670627203', '2020-09-01 11:29:53', '17670627203', 1, 0),
(1333, 1, 83, '2020-09-01 11:30:42', '17670627203', '2020-09-01 11:30:42', '17670627203', 1, 0),
(1334, 1, 84, '2020-09-01 11:31:16', '17670627203', '2020-09-01 11:31:16', '17670627203', 1, 0),
(1335, 1, 85, '2020-09-01 11:31:35', '17670627203', '2020-09-01 11:31:35', '17670627203', 1, 0),
(1336, 1, 86, '2020-09-01 11:32:57', '17670627203', '2020-09-01 11:32:57', '17670627203', 1, 0),
(1337, 1, 87, '2020-09-01 17:46:34', '17670627203', '2020-09-01 17:46:34', '17670627203', 1, 0),
(1338, 1, 88, '2020-09-01 17:57:17', '17670627203', '2020-09-01 17:57:17', '17670627203', 0, 0),
(1339, 1, 89, '2020-09-01 17:57:53', '17670627203', '2020-09-01 17:57:53', '17670627203', 1, 0),
(1340, 1, 90, '2020-09-02 10:04:06', '17670627203', '2020-09-02 10:04:06', '17670627203', 1, 0),
(1341, 11, 90, '2020-09-02 10:05:26', '17670627203', '2020-09-02 10:05:26', '17670627203', 1, 0),
(1342, 2, 90, '2020-09-02 10:05:34', '17670627203', '2020-09-02 10:05:34', '17670627203', 0, 0),
(1343, 11, 78, '2020-09-02 16:14:12', '17670627203', '2020-09-02 16:14:12', '17670627203', 1, 0),
(1344, 1, 91, '2020-09-15 16:33:30', '17670627203', '2020-09-15 16:33:30', '17670627203', 1, 0),
(1345, 1, 92, '2020-09-15 16:34:01', '17670627203', '2020-09-15 16:34:01', '17670627203', 1, 0),
(1346, 1, 93, '2020-09-16 10:20:05', '17670627203', '2020-09-16 10:20:05', '17670627203', 0, 0),
(1347, 1, 94, '2020-09-16 10:20:37', '17670627203', '2020-09-16 10:20:37', '17670627203', 1, 0),
(1348, 1, 95, '2020-09-16 10:21:47', '17670627203', '2020-09-16 10:21:47', '17670627203', 0, 0),
(1349, 1, 96, '2020-09-16 15:45:32', '17670627203', '2020-09-16 15:45:32', '17670627203', 0, 0),
(1350, 1, 97, '2020-09-16 15:45:49', '17670627203', '2020-09-16 15:45:49', '17670627203', 0, 0),
(1351, 1, 98, '2020-11-12 11:29:52', '17670627203', '2020-11-12 11:29:52', '17670627203', 0, 0),
(1352, 1, 99, '2020-11-12 11:30:14', '17670627203', '2020-11-12 11:30:14', '17670627203', 0, 0),
(1353, 1, 100, '2020-11-12 11:30:22', '17670627203', '2020-11-12 11:30:22', '17670627203', 0, 0),
(1354, 1, 101, '2020-11-12 11:30:32', '17670627203', '2020-11-12 11:30:32', '17670627203', 0, 0),
(1355, 1, 102, '2020-11-18 10:17:27', '17670627203', '2020-11-18 10:17:27', '17670627203', 0, 0),
(1356, 1, 103, '2020-11-18 10:20:02', '17670627203', '2020-11-18 10:20:02', '17670627203', 0, 0),
(1357, 1, 104, '2020-11-19 09:29:43', '17670627203', '2020-11-19 09:29:43', '17670627203', 0, 0),
(1358, 1, 105, '2020-11-19 09:30:02', '17670627203', '2020-11-19 09:30:02', '17670627203', 0, 0),
(1359, 1, 106, '2020-11-19 09:30:24', '17670627203', '2020-11-19 09:30:24', '17670627203', 0, 0),
(1360, 29, 1, '2020-11-20 09:38:18', '17670627203', '2020-11-20 09:38:18', '17670627203', 0, 0),
(1361, 29, 9, '2020-11-20 09:38:18', '17670627203', '2020-11-20 09:38:18', '17670627203', 0, 0),
(1362, 29, 10, '2020-11-20 09:38:18', '17670627203', '2020-11-20 09:38:18', '17670627203', 0, 0),
(1363, 29, 3, '2020-11-20 09:38:18', '17670627203', '2020-11-20 09:38:18', '17670627203', 0, 0),
(1364, 29, 16, '2020-11-20 09:38:18', '17670627203', '2020-11-20 09:38:18', '17670627203', 0, 0),
(1365, 29, 17, '2020-11-20 09:38:18', '17670627203', '2020-11-20 09:38:18', '17670627203', 0, 0),
(1366, 29, 6, '2020-11-20 09:38:18', '17670627203', '2020-11-20 15:13:59', '管理员', 0, 0),
(1367, 29, 23, '2020-11-20 09:38:18', '17670627203', '2020-11-20 15:13:59', '管理员', 0, 0),
(1368, 29, 25, '2020-11-20 09:38:18', '17670627203', '2020-11-20 15:13:59', '管理员', 0, 0),
(1369, 29, 26, '2020-11-20 09:38:18', '17670627203', '2020-11-20 15:13:59', '管理员', 0, 0),
(1370, 29, 27, '2020-11-20 09:38:18', '17670627203', '2020-11-20 15:13:59', '管理员', 0, 0),
(1371, 29, 29, '2020-11-20 09:38:18', '17670627203', '2020-11-20 15:13:59', '管理员', 0, 0),
(1372, 29, 8, '2020-11-20 09:38:18', '17670627203', '2020-11-20 09:38:18', '17670627203', 0, 0),
(1373, 29, 31, '2020-11-20 09:38:18', '17670627203', '2020-11-20 09:38:18', '17670627203', 0, 0),
(1374, 29, 33, '2020-11-20 09:38:18', '17670627203', '2020-11-20 09:38:18', '17670627203', 0, 0),
(1375, 29, 34, '2020-11-20 09:38:18', '17670627203', '2020-11-20 09:38:18', '17670627203', 0, 0),
(1376, 29, 88, '2020-11-20 09:38:18', '17670627203', '2020-11-20 09:38:18', '17670627203', 0, 0),
(1377, 29, 32, '2020-11-20 09:38:18', '17670627203', '2020-11-20 09:38:18', '17670627203', 0, 0),
(1378, 21, 1, '2020-11-20 15:03:51', '13786300877', '2020-11-20 15:03:51', '13786300877', 0, 0),
(1379, 21, 9, '2020-11-20 15:03:51', '13786300877', '2020-11-20 15:03:51', '13786300877', 0, 0),
(1380, 21, 10, '2020-11-20 15:03:51', '13786300877', '2020-11-20 15:03:51', '13786300877', 0, 0),
(1381, 21, 3, '2020-11-20 15:03:51', '13786300877', '2020-11-20 15:03:51', '13786300877', 0, 0),
(1382, 21, 16, '2020-11-20 15:03:51', '13786300877', '2020-11-20 15:03:51', '13786300877', 0, 0),
(1383, 21, 17, '2020-11-20 15:03:51', '13786300877', '2020-11-20 15:03:51', '13786300877', 0, 0),
(1384, 29, 93, '2020-11-20 15:13:59', '13786300877', '2020-11-20 15:13:59', '13786300877', 0, 0),
(1385, 29, 95, '2020-11-20 15:13:59', '13786300877', '2020-11-20 15:13:59', '13786300877', 0, 0),
(1386, 29, 96, '2020-11-20 15:13:59', '13786300877', '2020-11-20 15:13:59', '13786300877', 0, 0),
(1387, 29, 97, '2020-11-20 15:13:59', '13786300877', '2020-11-20 15:13:59', '13786300877', 0, 0),
(1388, 29, 98, '2020-11-20 15:13:59', '13786300877', '2020-11-20 15:13:59', '13786300877', 0, 0),
(1389, 29, 99, '2020-11-20 15:13:59', '13786300877', '2020-11-20 15:13:59', '13786300877', 0, 0),
(1390, 29, 100, '2020-11-20 15:13:59', '13786300877', '2020-11-20 15:13:59', '13786300877', 0, 0),
(1391, 29, 101, '2020-11-20 15:13:59', '13786300877', '2020-11-20 15:13:59', '13786300877', 0, 0),
(1392, 29, 102, '2020-11-20 15:13:59', '13786300877', '2020-11-20 15:13:59', '13786300877', 0, 0),
(1393, 29, 103, '2020-11-20 15:13:59', '13786300877', '2020-11-20 15:13:59', '13786300877', 0, 0),
(1394, 1, 107, '2020-11-27 14:26:24', '17670627204', '2020-11-27 14:26:24', '17670627204', 0, 0),
(1395, 32, 1, '2020-11-30 14:28:54', '17670627203', '2020-11-30 14:28:54', '17670627203', 0, 0),
(1396, 32, 9, '2020-11-30 14:28:54', '17670627203', '2020-11-30 14:28:54', '17670627203', 0, 0),
(1397, 32, 10, '2020-11-30 14:28:54', '17670627203', '2020-11-30 14:28:54', '17670627203', 0, 0),
(1398, 32, 3, '2020-11-30 14:28:54', '17670627203', '2020-11-30 14:28:54', '17670627203', 0, 0),
(1399, 32, 16, '2020-11-30 14:28:54', '17670627203', '2020-11-30 14:28:54', '17670627203', 0, 0),
(1400, 32, 17, '2020-11-30 14:28:54', '17670627203', '2020-11-30 14:28:54', '17670627203', 0, 0),
(1401, 32, 6, '2020-11-30 14:28:54', '17670627203', '2020-11-30 14:28:54', '17670627203', 0, 0),
(1402, 32, 23, '2020-11-30 14:28:54', '17670627203', '2020-11-30 14:28:54', '17670627203', 0, 0),
(1403, 32, 25, '2020-11-30 14:28:54', '17670627203', '2020-11-30 14:28:54', '17670627203', 0, 0),
(1404, 32, 26, '2020-11-30 14:28:54', '17670627203', '2020-11-30 14:28:54', '17670627203', 0, 0),
(1405, 32, 27, '2020-11-30 14:28:54', '17670627203', '2020-11-30 14:28:54', '17670627203', 0, 0),
(1406, 32, 29, '2020-11-30 14:28:54', '17670627203', '2020-11-30 14:28:54', '17670627203', 0, 0),
(1407, 32, 8, '2020-11-30 14:28:54', '17670627203', '2020-11-30 14:28:54', '17670627203', 0, 0),
(1408, 32, 31, '2020-11-30 14:28:54', '17670627203', '2020-11-30 14:28:54', '17670627203', 0, 0),
(1409, 32, 33, '2020-11-30 14:28:54', '17670627203', '2020-11-30 14:28:54', '17670627203', 0, 0),
(1410, 32, 34, '2020-11-30 14:28:54', '17670627203', '2020-11-30 14:28:54', '17670627203', 0, 0),
(1411, 32, 88, '2020-11-30 14:28:54', '17670627203', '2020-11-30 14:28:54', '17670627203', 0, 0),
(1412, 32, 107, '2020-11-30 14:28:54', '17670627203', '2020-11-30 14:28:54', '17670627203', 0, 0),
(1413, 32, 32, '2020-11-30 14:28:54', '17670627203', '2020-11-30 14:28:54', '17670627203', 0, 0),
(1414, 32, 93, '2020-11-30 14:28:54', '17670627203', '2020-11-30 14:28:54', '17670627203', 0, 0),
(1415, 32, 95, '2020-11-30 14:28:54', '17670627203', '2020-11-30 14:28:54', '17670627203', 0, 0),
(1416, 32, 96, '2020-11-30 14:28:54', '17670627203', '2020-11-30 14:28:54', '17670627203', 0, 0),
(1417, 32, 97, '2020-11-30 14:28:54', '17670627203', '2020-11-30 14:28:54', '17670627203', 0, 0),
(1418, 32, 98, '2020-11-30 14:28:54', '17670627203', '2020-11-30 14:28:54', '17670627203', 0, 0),
(1419, 32, 99, '2020-11-30 14:28:54', '17670627203', '2020-11-30 14:28:54', '17670627203', 0, 0),
(1420, 32, 100, '2020-11-30 14:28:54', '17670627203', '2020-11-30 14:28:54', '17670627203', 0, 0),
(1421, 32, 101, '2020-11-30 14:28:54', '17670627203', '2020-11-30 14:28:54', '17670627203', 0, 0),
(1422, 32, 102, '2020-11-30 14:28:54', '17670627203', '2020-11-30 14:28:54', '17670627203', 0, 0),
(1423, 32, 103, '2020-11-30 14:28:54', '17670627203', '2020-11-30 14:28:54', '17670627203', 0, 0),
(1424, 32, 104, '2020-11-30 14:28:54', '17670627203', '2020-11-30 14:28:54', '17670627203', 0, 0),
(1425, 32, 105, '2020-11-30 14:28:54', '17670627203', '2020-11-30 14:28:54', '17670627203', 0, 0),
(1426, 32, 106, '2020-11-30 14:28:54', '17670627203', '2020-11-30 14:28:54', '17670627203', 0, 0),
(1427, 1, 108, '2020-12-10 14:09:34', '17670627203', '2020-12-10 14:09:34', '17670627203', 0, 0);

-- --------------------------------------------------------

--
-- 表的结构 `kj_user`
--

CREATE TABLE IF NOT EXISTS `kj_user` (
  `id` int(11) NOT NULL AUTO_INCREMENT,
  `userAccount` varchar(64) NOT NULL,
  `userPwd` varchar(64) DEFAULT NULL,
  `userType` int(10) DEFAULT NULL COMMENT '4:C端 ,2:B端后勤 ,1:B端管理 ,3:B端工作人员',
  `userName` varchar(32) DEFAULT NULL,
  `tel` varchar(11) DEFAULT NULL,
  `email` varchar(225) DEFAULT NULL,
  `company` varchar(64) DEFAULT NULL COMMENT '公司名称',
  `authKey` varchar(64) DEFAULT NULL,
  `creator` varchar(32) DEFAULT NULL,
  `createTime` datetime DEFAULT NULL,
  `updater` varchar(32) DEFAULT NULL,
  `updateTime` datetime DEFAULT NULL,
  `isValid` tinyint(1) DEFAULT '0',
  `groupId` int(11) DEFAULT '0' COMMENT '权限组编号',
  `checkStatus` tinyint(1) DEFAULT '0' COMMENT '审核状态 0 待审核 1审核通过 2审核不通过',
  `staffId` int(11) DEFAULT NULL COMMENT '职工编号',
  `jobId` int(11) DEFAULT NULL COMMENT '求职者编号',
  PRIMARY KEY (`id`)
) ENGINE=InnoDB  DEFAULT CHARSET=utf8mb4 AUTO_INCREMENT=319 ;

--
-- 转存表中的数据 `kj_user`
--

INSERT INTO `kj_user` (`id`, `userAccount`, `userPwd`, `userType`, `userName`, `tel`, `email`, `company`, `authKey`, `creator`, `createTime`, `updater`, `updateTime`, `isValid`, `groupId`, `checkStatus`, `staffId`, `jobId`) VALUES
(74, '17670627203', '$2y$13$MfI87U9F2A0wrHgyYis6juFuiUP7epQl7M7TYJYzIYFOPsRlZWW..', 1, '彭毓江', '17670627203', '', NULL, 'Vr1LtrC5N0xBzTcVSb8wz3t99PG8Lnov', '17670627203', '2020-08-03 06:38:42', '17670627203', '2020-12-08 15:33:14', 0, 1, 0, 66, 99),
(227, '15675374502', '$2y$13$jecvz3uHYXyKLpJN0okjPe3QG6yiDYB8m8Lgmfr.h6IvjwqEC168q', NULL, '余欣雨', '15675374502', '', NULL, 'H2J7DBJpxSbEIJONyXihagn8fuxBeAV-', '17670627203', '2020-08-20 15:06:45', '17670627203', '2020-11-20 15:18:58', 0, 20, 0, 140, 120),
(228, '17670627278', '$2y$13$r9GlfDZ6JFOeuvI9kbW9ae3OoHzPJg0kHXyvf5Ml5qyFbgQ1Fpgma', NULL, '李小叶', '17670627278', '', NULL, 'vyKBXAt8IjsiI0_oWEUqpKF08H9jPY6g', '17670627203', '2020-08-21 09:28:30', '17670627203', '2020-11-20 15:24:28', 0, 11, 0, 143, NULL),
(230, '17670627265', '$2y$13$n.LGaJIAO2gCFOZOezvAHeTq4JKXQerLy.Vx/IEls71DYahrJexhi', NULL, '吴亦凡', '17670627265', '', NULL, 'de7BK1KFc94Pnz9QYRgSaoipTaSDmeCl', '17670627203', '2020-08-21 11:09:26', '17670627203', '2020-08-21 11:14:27', 0, NULL, 0, NULL, 123),
(231, '17684521351', '$2y$13$J4/w7adGMFUpzPz8DwD9uOPMrhHhRIwazV0JZ/RcLng.IFYi6baKu', NULL, '苦力怕', '17684521351', '', NULL, 'sA7cd5Mq3QIi4Q8DNlEbHHuEWpASqRaP', '17670627203', '2020-08-21 11:21:36', '17670627203', '2020-08-21 11:21:36', 0, NULL, 0, NULL, 124),
(232, '17670627234', '$2y$13$x/dKa64Zh9bAmxONAj.ptu3Q0jGQDTMauEfD9xutUKy7FtNtfF5Fe', NULL, '李家祠', '17670627234', '', NULL, 'ShvI1horuY6Zy0fw84zr7RshqIm3Ge0r', '17670627203', '2020-08-24 09:30:14', '17670627203', '2020-08-24 09:30:14', 0, NULL, 0, NULL, 127),
(233, '17670624521', '$2y$13$YCwyyyTGgB749LQJ1xck1uKg.mdyzwAwXFcb.ximpl29asOY2jl7u', NULL, '李彩霞', '17670624521', '', NULL, 'FjYXUrM_8Qn5LNGKq3R2vrGTj2oWM7tK', '17670627203', '2020-08-24 10:59:01', '17670627203', '2020-08-24 10:59:01', 0, NULL, 0, NULL, 128),
(234, '17684563210', '$2y$13$.hFcxBG8hOglD1CDlqakYeBQv88t0IJ/vWiVyW3ViPicTh1g.pn6S', NULL, '李晓春', '17684563210', '', NULL, 'N0bwjwk8d7U9-nk83zQUEgC6aap9ZinM', '17670627203', '2020-08-24 10:59:43', '17670627203', '2020-08-24 10:59:43', 0, NULL, 0, NULL, 129),
(235, '17670627298', '$2y$13$4Qbstz9VE.Xe9lKzTaNtyOvljAqreE/A15I9cInofJFB3iuCzlygC', NULL, '李志新', '17670627298', '', NULL, 'g2RVYgUAXW5O5RW-Cli3VVKDk9EKX1ml', '17670627203', '2020-08-24 14:24:30', '17670627203', '2020-08-24 14:24:30', 0, NULL, 0, NULL, 131),
(236, '15345678901', '$2y$13$USLTqztbFGtE1RqH2BeQOOi7rWNFy2DbTX8isoYyBytFO8ifGmZ5G', NULL, '123123', '15345678901', '', NULL, '44kiG5S392-iaMmaRaInPp1Xw7RZRyk_', '17670627203', '2020-08-24 15:05:25', '17670627203', '2020-08-24 15:05:25', 0, NULL, 0, NULL, 133),
(237, '13475896547', '$2y$13$HVn5sUP4QlEfqqtFrrfeWu6SQWlyIs.PUn216zs3hSkaD4yEoePHG', NULL, '罗中旭', '13475896547', '', NULL, 'fioFYpVMKFiEKpAuRQCZ1ofsUYKmjwzO', '17670627203', '2020-08-24 16:42:33', '17670627203', '2020-08-25 17:16:23', 0, NULL, 0, NULL, 134),
(238, '17670624203', '$2y$13$2gS3Op4D6WUCTp/0HGN5Fe5/2y2210PkJc.p3ZOVgNL/W6PujmM0O', NULL, '李大钊', '17670624203', '', NULL, 'cQPxqhlVq_CZKpxw2ABIZLzj52Q_k6di', '17670627203', '2020-08-24 17:10:17', '17670627203', '2020-11-20 15:25:17', 0, 10, 0, 145, NULL),
(239, '18678954126', '$2y$13$OWLJe0YjwGH1dQzF/I9deugMoI7ph0xVNtZW1nRYeu9cvT13ED3K2', NULL, '刘志军', '18678954126', '', NULL, 'z1hj7p78jZEk7TM_qCx44wwa_cIUGOoF', '17670627203', '2020-08-25 09:39:07', '17670627203', '2020-08-25 09:39:07', 0, NULL, 0, NULL, 135),
(240, '13789658965', '$2y$13$oshjN0u6A3mHC3LHFzn2QOKAEfc9AosuRxATl4gQMET6O5UFZ7f/G', NULL, '哈哈哈哈', '13789658965', '', NULL, 'R7EbGj7F8hVVaHcK78TvzGOmI4Xo17fc', 'system', '2020-08-25 10:17:11', NULL, '2020-08-25 10:17:26', 0, NULL, 0, NULL, 136),
(241, '17689563244', '$2y$13$DsR9h1lHE9Gmq9WN8PbVSuZy7S7oJ2jRdV5aK1lFSapS5yWGEWbTS', NULL, '李树森', '17689563244', '', NULL, 'QBTvp7bndKr2rBGBCbUHZPZt_Tagvqhq', '17670627203', '2020-08-25 11:28:11', '17670627203', '2020-08-25 11:28:11', 0, NULL, 0, NULL, 137),
(242, '13475463245', '$2y$13$cgYgElpuvTJveBrwMc5L6eAmMxx6NaXk79uHzW1YHmreBsvHAQ236', NULL, '吴莉空', '13475463245', '', NULL, '7ogWp_u9YD0EnXC196fVe-QOjTGDg0CN', '17670627203', '2020-08-25 11:31:45', '17670627203', '2020-08-25 15:03:10', 0, 1, 0, 146, NULL),
(243, '17670627286', '$2y$13$sVvWcBlyfzaaayjJ0IbQyOcEiZs8QzPoIv5tWC.vZcrR/KWmf1IUy', NULL, '李振兴', '17670627286', '', NULL, 'P9vM3DwoJe-sLOXv-xlnYacenn8W9v4Y', '17670627203', '2020-08-25 15:09:21', '17670627203', '2020-08-25 15:29:11', 0, 1, 1, 147, NULL),
(244, '18678954123', '$2y$13$A.OIZck49hiAVhKbXGPiu.LBDxGs62KJN8zF9UVylEWl/i/l4LBP2', NULL, '11231', '18678954123', '', NULL, '-QtdbbdR1w1hKseO8m7x4epW3za97Ppp', '17670627203', '2020-08-25 15:10:37', '17670627203', '2020-08-25 15:10:37', 0, NULL, 0, 148, NULL),
(245, '18678456213', '$2y$13$m1mY1UNLaqeXoql5ImYFae94iPDavUnGxbYTr18wmlvbF3MZ0a.YK', NULL, '自行车', '18678456213', '', NULL, 'xvtbBBpekI62C2hcAvm69ZKfihiXrLMs', '17670627203', '2020-08-25 17:09:40', '17670627203', '2020-08-25 17:09:40', 0, NULL, 0, NULL, 138),
(246, '18674513256', '$2y$13$haUItK0RRLAaAdFMgMUx2eSaKHaMdGgmKOgSwLk8MJg7UMFsoO3V6', NULL, '自信车', '18674513256', '', NULL, 'fQgRJnU-SVoSBWIvpAoQUX56KN5XX5hT', '17670627203', '2020-08-25 17:18:13', '17670627203', '2020-08-25 17:18:13', 0, NULL, 0, NULL, 139),
(247, '18645321265', '$2y$13$aWdFC8Lp12c6cG0iiAn2e.eoVtbAj1dcYrTduO5/vwCUtd5cEbGGe', NULL, '李贞贤', '18645321265', '', NULL, 'stFx8IGAYJxuISjCfp3twum4VEMF1iJ5', '17670627203', '2020-08-25 17:19:28', '17670627203', '2020-08-25 17:19:28', 0, NULL, 0, NULL, 140),
(248, '18645632147', '$2y$13$w7GMFIjc3aLxAOluuiRNROzyctXdRndpnmblSJqh1yxvth8Lxu2V.', NULL, '林子祥', '18645632147', '', NULL, '8MtsgqHvHA3bn2twbwDU8LBCPeSgpBuX', '17670627203', '2020-08-25 17:20:52', '17670627203', '2020-08-25 17:20:52', 0, NULL, 0, NULL, 141),
(249, '17670127203', '$2y$13$PH1MKXX.XEFoXaGAgusQQ.IqBOBgi/lrlcuwMihSs3.y7GUDTEFU2', NULL, '董白', '17670127203', '', NULL, 'eDyNLRb37MZRD1qm87vxQQ1H_dZ42nCR', '17670627203', '2020-08-25 17:21:44', '17670627203', '2020-08-25 17:21:44', 0, NULL, 0, NULL, 142),
(250, '17670162720', '$2y$13$aHXTS2tMf5CkM2oDA5cE2e4PHrPRAJHlgT8Dk6vW3DiCP0EuMrMFe', NULL, '菜单', '17670162720', '', NULL, 'hBgncsNwuYLwucZBEHw15G_kECmhwQYb', '17670627203', '2020-08-25 17:23:00', '17670627203', '2020-08-25 17:23:00', 0, NULL, 0, NULL, 145),
(251, '17670657841', '$2y$13$7gB7nvtKGzTYryxPlTlM4.E.hTi8wW02KRlSl9x10xnc.E.kYQcIK', NULL, '中心', '17670657841', '', NULL, 'ydoPO1_4CHtEmmiWci3-YqHzLy0TpSho', '17670627203', '2020-08-25 17:23:54', '17670627203', '2020-08-25 17:23:54', 0, NULL, 0, NULL, 146),
(252, '17670621203', '$2y$13$IJbOatIWRJOmC1rzAR62/O5K7EEBGUDxXV/eHGPRK/27eElpUEU7e', NULL, '相册', '17670621203', '', NULL, 'LM89GkDTvppmsPB6FWTvGrq5ogILD8D6', '17670627203', '2020-08-25 17:28:18', '17670627203', '2020-09-04 09:58:50', 0, NULL, 0, NULL, 148),
(253, '18645621234', '$2y$13$wYSzcyaU6jjPHSfjAu4GAuLCpi29nMUAlsK2.LKLmsk0z9jSehhLW', NULL, '罗志祥', '18645621234', '', NULL, 'BI6f0Qg1pXt8I5Mo2yD3oOHTZ7N5CdHo', '17670627203', '2020-08-25 17:32:08', '17670627203', '2020-08-25 17:32:08', 0, NULL, 0, NULL, 149),
(254, '15645632145', '$2y$13$p3AgtRCUls2qG0HOvUgn1.RDjrOy5f39MNnQaPkCk4lYj.Md/KimW', NULL, '侧分带', '15645632145', '', NULL, 'CBP-kPdmIecSFU3uI-iBBGYHWjgFRELE', '17670627203', '2020-08-25 17:41:19', '17670627203', '2020-08-25 17:41:19', 0, NULL, 0, NULL, 150),
(256, '18645321455', '$2y$13$nZRlJGtnkSdK46i4j7w6re.s7NhvmaENm/IgZBgIw381DAJ5ofL4C', NULL, '不成功', '18645321455', '', NULL, 'k6h65N7kK5awcToeAcLMGoDd-RATykHZ', '17670627203', '2020-08-25 17:43:20', '17670627203', '2020-09-04 10:01:08', 0, NULL, 0, NULL, 153),
(259, '17654862122', '$2y$13$YK3XOk6wLPptpXJlBxw4T.tFpbL6.J6XuVoJQoSGj.R64fqL.brTq', NULL, '相册', '17654862122', '', NULL, 'ctk1jrEQKspipbduHe6U-MJyBeIto2Pf', '17670627203', '2020-08-25 17:44:59', '17670627203', '2020-08-25 17:44:59', 0, NULL, 0, NULL, 157),
(260, '17654862123', '$2y$13$Pc.Ny.8cSUy3itFh6Ramz.KlmoNvtMP.inMzrKpgxvLx6O4lnitx6', NULL, '相册', '17654862123', '', NULL, 'oytsHQwqYToooWjoPqgWFuqnsflTDW7f', '17670627203', '2020-08-25 17:45:00', '17670627203', '2020-08-25 17:45:00', 0, NULL, 0, NULL, 158),
(261, '13789654789', '$2y$13$G/2IkqzqyvWJu7Z1hIpEiOqOpSG7M7k0O2Nwkdf0toiegz3Y1Oo9a', NULL, '测试一下图片', '13789654789', '', NULL, 'Q-VkDsRmJ260mVIBTgVZNJ58B9ahPZ5F', '17670627203', '2020-08-26 17:28:03', '17670627203', '2020-09-07 10:07:15', 0, 0, 1, 151, NULL),
(262, '15116055925', '$2y$13$7oOCbyBWuapr6QWQDI.QJOz3caHaMqAlIe.PAsCnlUqUNgpojWGKG', NULL, '马星星', '15116055925', '', NULL, 'H4-PPlV488rTNpXtuQiKlobI8r79wrFw', '15116055925', '2020-08-28 14:24:10', '18673361517', '2020-11-23 11:30:39', 0, 20, 0, 152, NULL),
(263, '17670627256', '$2y$13$YJHTzy7uPX85/GcUMJMi.uJJLgjYH1fhs0ctE01ZQtGnoSVX/d/Bi', NULL, '弗里斯', '17670627256', '', NULL, 'B6_ZcuLkfn4pNm1b4-P6JMNpAw-qmqlI', '17670627203', '2020-08-28 14:40:33', '17670627203', '2020-12-12 10:42:07', 0, 34, 0, 159, 160),
(264, '17670624512', '$2y$13$kHulYf4KVO/9s8Mip77cAurY/KI4a84RAXjnwG2jMgFR2/NUlCWZ2', NULL, '林志炫', '17670624512', '', NULL, 'fOhJqrU7GZAMcBmbjtJJFvidGInWt5kJ', '15116055925', '2020-08-28 14:41:48', '15116055925', '2020-08-28 14:41:48', 0, NULL, 0, NULL, 161),
(265, '18675321245', '$2y$13$hylXqk82j2zV62JuRyKOauXL2Z6rA/ySp3AelHPkzK8PcEU4HY7eG', NULL, '马星星', '18675321245', '', NULL, 'Ntb0x_Pf_se-dyvKGcQVW_3b2gKuWDi4', '15116055925', '2020-08-28 14:51:25', '15116055925', '2020-08-28 14:51:25', 0, NULL, 0, NULL, 162),
(266, '18674521658', '$2y$13$OZ4S9/2rIo.eE0rJeDi5duCPmpHK59tFkFlM7zC1Qhk0H3MK4TUk2', NULL, '马星星', '18674521658', '', NULL, 'F0eSPRRZgqMIcNGdVD3RLx4eII7fFfOw', '15116055925', '2020-08-28 14:51:56', '15116055925', '2020-08-28 14:51:56', 0, NULL, 0, NULL, 163),
(267, '15307416886', '$2y$13$eXtxvcyhkLWLiOMpQ8JbGeX771kcmpJJicinJftyS2NNEJL67zX4q', NULL, '哈哈哈', '15307416886', '', NULL, 'AVDPbOUJZKTTEw5Kzhj3IqdEqvwVowMW', 'system', '2020-08-29 11:46:41', NULL, '2020-08-29 11:46:41', 0, NULL, 0, NULL, 165),
(268, '13786589554', '$2y$13$HafjOAlJ.WefX8IZ0kUaN.EEGizTAkZaFFhbkMphAYBxeY74EgF8.', NULL, '测试', '13786589554', '', NULL, 'CJze7J9-4firl5MR54nkBeDQgkDJMNdt', 'system', '2020-08-29 15:14:03', NULL, '2020-08-29 15:14:03', 0, NULL, 0, NULL, 166),
(269, '13789658478', '$2y$13$ZL8NLHnRQj5/OF2i0G5YGeKxFdEWyjZrWDqeesWoR8P8qmPQ4xn5y', NULL, '哈哈的测试人才', '13789658478', '', NULL, 'q5Ig-mnPMemEunb3LsrmLqngVEbgMFLB', 'system', '2020-08-31 08:57:00', NULL, '2020-08-31 08:57:00', 0, NULL, 0, NULL, 167),
(270, '13789655478', '$2y$13$3lymK5xuMmjRaCWCOXddwumuAzXHuMsHSksT6hYRKUZJ3C7lKaNkS', NULL, '哎呀呀', '13789655478', '', NULL, 'jBk-zSUOl8CtUIipzTT2Mq3URGEUcC6_', 'system', '2020-08-31 10:09:16', NULL, '2020-08-31 10:13:26', 0, NULL, 0, NULL, 168),
(274, '13786300877', '$2y$13$vPtOkX3KsnBQC7AcKJV48eseIaktfXeC4VrxcKCCFD0NbkwUD/mcO', NULL, '哈尼玛', '13786300877', '', NULL, 'lCYVZwHmoHOy6ZgZBIvlhYObScm9DXuZ', '', '2020-08-31 15:52:32', '', '2020-11-27 15:11:08', 0, 29, 0, 153, 212),
(275, '18673361517', '$2y$13$1ZkNs5HZJbdMekgV9wM/j.IadhT7nLbQ2glx5bqzhkn/pkZxuoMCe', NULL, '帅宇', '18673361517', '', NULL, 'pzrVds5iCdM82pKri46nwH1-MtYIQqS8', '17670627203', '2020-08-31 15:55:18', '17670627203', '2020-08-31 16:01:52', 0, 2, 0, 154, 174),
(276, '13789654785', '$2y$13$J4J00OWIjoUlL/b/wEBvnenDfcmi3LBEwdPzqpDu.tt55egaMDBza', NULL, '和你妈', '13789654785', '', NULL, '7FGBkgJoTHOoupuEnrSE4A_Q7unMyQr8', 'system', '2020-08-31 15:55:46', NULL, '2020-08-31 15:55:46', 0, NULL, 0, NULL, 175),
(277, '17670627204', '$2y$13$B9wrGd5e1Jp2WXPh7GWaUeX.9oMPHo/7lThL1R/QVu2nOHQ/PL/X.', NULL, '测试人员', '17670627204', '', NULL, 'mD9l955YTN3kd51ZR_vX8GwivwfZD8Dm', '17670627203', '2020-09-02 15:08:23', '17670627203', '2020-09-02 15:08:23', 0, 1, 0, 155, NULL),
(278, '18670808763', '$2y$13$uwGvK2oMzXurAsHD8aglke8bo/g7yMrV9yWGeskU4f3dosvKTVSNK', NULL, '厄利孔钨钼丝', '18670808763', '', NULL, 'ax1GoFWGV1f4mpVegmmsydhW79EE-00L', '17670627203', '2020-09-02 16:06:54', '17670627203', '2020-09-02 16:20:47', 0, 1, 1, 157, NULL),
(279, '18478953256', '$2y$13$Q5mi.eSeXmyaR5YcXrWFqeWNbR18pX1PwlatlpM13LbW4QjnM4SjO', NULL, '1233123', '18478953256', '', NULL, 'WXH5jvf8HTDNXfd6ZzQnWXrPm3OPChwO', '17670627203', '2020-09-02 16:23:28', '17670627203', '2020-09-02 16:23:28', 0, 1, 0, 158, NULL),
(280, '15865458414', '$2y$13$eddnJ5wdTEvoOXHk3NXx0uQ3Lt07utdPvPblQBXDuk4aL1QQa9d4O', NULL, 'rrere', '15865458414', '', NULL, '6jj45c-3o3TYkE7A9koFIpQFkxuyxo8K', '17670627203', '2020-09-03 10:10:49', '17670627203', '2020-09-03 10:10:49', 0, NULL, 0, NULL, 176),
(281, '18674563214', '$2y$13$u5EjaBYixZROK2MFeP/stuNkqzhe5Ti4axvKaihZuWJ0lzETLhTti', NULL, '罗志祥', '18674563214', '', NULL, 'GMKZ2Nqi_2NUNDICl7f94k9hV3PkqqeP', '17670627203', '2020-09-03 10:42:24', '17670627203', '2020-09-03 10:42:24', 0, NULL, 0, NULL, 178),
(282, '15852654125', '$2y$13$CmwnSDGuPdlY6ug4i6rxP.mIElsJmAlFy/or2Bw2GDTXzGycpP3ly', NULL, 'lalala', '15852654125', '', NULL, 'BSX60qmJWMpYOs5UD2MfUOjpIEx5MwCN', '17670627203', '2020-09-03 11:30:20', '17670627203', '2020-09-03 11:30:20', 0, NULL, 0, NULL, 179),
(283, '17670621234', '$2y$13$Tc98Z6IbAevpwRE1uAsSJOj37GkMctgwxQhtSkNywgg1laxeThyEa', NULL, '321', '17670621234', '', NULL, '4sKiqcMsNefOcbrCdSEoXzWw6slAhHT5', '17670627203', '2020-09-03 11:38:06', '17670627203', '2020-09-03 11:38:06', 0, NULL, 0, NULL, 181),
(284, '18645126578', '$2y$13$lplaslcxXyL.ofn1SXkKUePQAbEv9j0oBL4SCSp7oKWP5OxBoCQHy', NULL, '李万春', '18645126578', '', NULL, 'wu65GkkGopzoanCPFosEnuf4EhP3qYA4', '17670627203', '2020-09-07 09:49:09', '17670627203', '2020-09-07 09:49:09', 0, NULL, 0, NULL, 182),
(285, '18645123245', '$2y$13$cJoA5wt8zLihH8Banh0QGelJTP7pOYXw6ANWe0SR5E4AumGiQYht6', NULL, '梁朝伟', '18645123245', '', NULL, 'cAbvcpADxdSZiXfRoCqLNhh-KiGXPwSz', '17670627203', '2020-09-07 09:56:10', '17670627203', '2020-09-07 15:45:34', 0, NULL, 0, NULL, 183),
(286, '13478541235', '$2y$13$uoXYoInzWdc24.PtasXzUewmowHcdxctPuBw56feEDPpOR0VVJ/IK', NULL, '周星驰', '13478541235', '', NULL, '1jeIb8WzICmgO2_YEgu2mHV5-cFdFmmu', '17670627203', '2020-09-07 10:27:41', '17670627203', '2020-09-07 10:27:41', 0, NULL, 0, NULL, 184),
(287, '18645126533', '$2y$13$9GN7TB4t7Ejl.IbQ9WRbpeHdWP.7fEG48WRUAMJ2wBcVyvJDaT5m2', NULL, '武大娘', '18645126533', '', NULL, 'wt5FXVGkS13tO8uhSCIQuCOaZcJ7h9Hp', '17670627203', '2020-09-07 10:43:37', '17670627203', '2020-09-08 16:57:14', 0, 1, 0, 160, NULL),
(288, '17670627245', '$2y$13$0woUFPPqk2wgTQ3BbGEo3uYwmP6KuFzztgOD0bk8h06po4EjnHwbG', NULL, '罗志祥', '17670627245', '', NULL, 'wiuwpnOXElmcxzZhNAByE0ICqv-reF0h', '17670627203', '2020-09-07 11:32:02', '17670627203', '2020-09-07 11:32:02', 0, NULL, 0, NULL, 186),
(289, '18645127545', '$2y$13$b8IUkqSHudwpUWpON0MLRO6qovRCm56nY4WQnApy8.lvEAm7vgZLe', NULL, '李老五', '18645127545', '', NULL, 'ZRTsigKpwzis_PjkEDopQVTdW7WgaXWE', '17670627203', '2020-09-07 15:35:41', '17670627203', '2020-09-07 15:36:30', 0, NULL, 0, NULL, 187),
(290, '17670627865', '$2y$13$dCZPy1kFGU8t57bwQ89iVuxXb1vlXTXFPJZzdtn/0gmn6WD0IWFhO', NULL, '彭预计', '17670627865', '', NULL, 'Sjk1G3OWVu1Uq_pBEhaf4iiIs_mHoap6', '17670627203', '2020-09-07 15:40:59', '17670627203', '2020-09-07 15:40:59', 0, NULL, 0, NULL, 190),
(291, '18628456539', '$2y$13$GyUXiPhBcNwFscawAUNRCeOkodymgqe.WGyTBli6QxEPSy3vr3urm', NULL, '人才1', '18628456539', '', NULL, '49UqBKvr3bLM5VzFnomo-dPWBqo7L5Z7', '17670627203', '2020-09-07 16:46:57', '17670627203', '2020-09-09 09:57:42', 0, NULL, 0, NULL, NULL),
(292, '13586524542', '$2y$13$/Wpj1ya9hEIi3bq/SnnW4OxKH6j/4cADDG7C6Nv8xXmS0WR8uCQ3a', NULL, '人才2', '13586524542', '', NULL, 'qm1oW3Gj47D2cTISjPqAM5RscsFad13g', '17670627203', '2020-09-07 16:46:58', '17670627203', '2020-09-09 09:57:42', 0, NULL, 0, NULL, NULL),
(293, '17645126533', '$2y$13$CpIa2vxS4vYh6.0qvQieHeuXimbHjuN9x0XN5FoRJShZVryv0p6cS', NULL, '测试', '17645126533', '', NULL, 'XuTl08rmRydLipLGAKNReonqDqe0sc7b', '17670627203', '2020-09-07 16:51:01', '17670627203', '2020-09-07 16:51:01', 0, NULL, 0, NULL, 191),
(294, '18645123256', '$2y$13$nr0htYsa0kpzvVhhk1D1aOWR8NuV3mEzznql9Lpm85wU.Z/MC9MU6', NULL, '李清洲', '18645123256', '', NULL, '9HJucZAnl0GoBuh2jf1CE5t5yAKq3XVL', '17670627203', '2020-09-08 09:57:42', '17670627203', '2020-09-08 09:57:42', 0, NULL, 0, NULL, 192),
(295, '18645123681', '$2y$13$TsoElqXspp2Z/nHOBQefv.PChN3Rj9r4Wyg7zusWu9pvzFkqq0dFC', NULL, '赵一', '18645123681', '', NULL, 'oBpDcbc2cYPe0tcR6aQFAjo6ZfaalVN4', '18645126533', '2020-09-08 16:18:20', '18645126533', '2020-09-08 16:18:20', 0, NULL, 0, NULL, 193),
(296, '17456231478', '$2y$13$CNDN/aE0dH.MWaJdbGjgcO8NgTseyReKjT7WfZHtOx4BhAKeDZrjC', NULL, '赵二', '17456231478', '', NULL, '9exSAH8gJziV-BaeFBNeMBVAsnkgKGls', '18645126533', '2020-09-08 16:18:35', '18645126533', '2020-09-08 16:18:35', 0, NULL, 0, NULL, 194),
(297, '18645127546', '$2y$13$yBQWkfw5GuO73HxXnG5xC.CUeBibjV44l.hjNSRW/ZsGBdslK8Wom', NULL, '赵三', '18645127546', '', NULL, 'agEwgR_MRbFJyin436OUbVKLAd2L7gko', '18645126533', '2020-09-08 16:18:49', '18645126533', '2020-09-08 16:18:49', 0, NULL, 0, NULL, 195),
(298, '18674563248', '$2y$13$d6K7UpXpErxrWIqDO3JeZuWkh9hATQpo.C0ypKTk3WRUGLyunYzBW', NULL, '赵四', '18674563248', '', NULL, 'zvfvIfvydoS0zFkr9uqVrSrtOR0nVDOs', '18645126533', '2020-09-08 16:19:05', '18645126533', '2020-09-08 16:19:05', 0, NULL, 0, NULL, 196),
(299, '18645123578', '$2y$13$hSEIPP3C/NF1oebJwrHw9uWr8bJQfG834CxTnqldFBfze1BLF213.', NULL, '赵武', '18645123578', '', NULL, 'QsmZSnRzceLSk97DTAulhI3W4ksBheuS', '18645126533', '2020-09-08 16:19:17', '18645126533', '2020-09-08 16:19:17', 0, NULL, 0, NULL, 197),
(300, '17675132546', '$2y$13$6W5QUQjLUjqIwc2YId4iHOqqHm09LIX.2O19sciSTB8hDoXfwcvS2', NULL, '赵六', '17675132546', '', NULL, '89ecNsCuKt6hk4ET1M3XvWxElZ0YAslc', '18645126533', '2020-09-08 16:21:07', '18645126533', '2020-09-08 16:21:07', 0, NULL, 0, NULL, 198),
(301, '17675132547', '$2y$13$m70KgubVkvxeU1hu2g15iewmNJMdKPdVac6GfpuCOkbUb2YWij1Xi', NULL, '赵七', '17675132547', '', NULL, 'F_ju8LnVrDJLFXj9PScB2eRWyH7icquA', '18645126533', '2020-09-08 16:21:08', '18645126533', '2020-09-08 16:21:08', 0, NULL, 0, NULL, 199),
(304, '17675132548', '$2y$13$Gl4hsxoNMIeXt4.chjD9wecc0N/s6NozBD51MUOR07ybqcu.JN8be', NULL, '赵八', '17675132548', '', NULL, 'rUo1DEFObQRQxR6QB1NSIyGN8OFaxUzP', '18645126533', '2020-09-08 16:25:05', '18645126533', '2020-09-08 16:25:05', 0, NULL, 0, NULL, 206),
(305, '17675132549', '$2y$13$cXu9aFw8ApaO3CNJixsunueeOMCgV5YYnOwktOYVzH5DpH8YSJoSi', NULL, '赵八', '17675132549', '', NULL, 'gAgA9XuX5rq-7QRvNMrRWSLPSP6o1yF6', '18645126533', '2020-09-08 16:26:12', '18645126533', '2020-09-08 16:26:12', 0, NULL, 0, NULL, 208),
(306, '17675132555', '$2y$13$RCW6KW/cBG2wRrvYsB/jOukfvnm1FGAIj7qocwLi6h5CWWH1upMpG', NULL, '赵十', '17675132555', '', NULL, 't2ejgi-kxp3T2xqU05oXTtQSE4wWG69D', '18645126533', '2020-09-08 16:29:25', '18645126533', '2020-09-08 16:29:25', 0, NULL, 0, NULL, 210),
(307, '17675132556', '$2y$13$Up4A0QWpKvIgj3pp5XPZTuZuYVlMn8DEjde014LzbU17KIFTP77wG', NULL, '赵十一', '17675132556', '', NULL, 'RO-Yuudpnxr7oVhdcnS4gUljtqhBk2S5', '18645126533', '2020-09-08 16:31:05', '18645126533', '2020-09-08 16:31:05', 0, NULL, 0, NULL, 211),
(308, '15698545652', '$2y$13$1q05l.CB.jNqOR0MyE606ezwHwNc6HY3Q4vIps4YQGVJy8MqsUfUm', NULL, '雨薇', '15698545652', '', NULL, 'xpAA5Mcvw71-vzNM9j7fRtQ7npsNaieE', '17670627203', '2020-09-09 10:01:50', '17670627203', '2020-09-09 10:01:50', 0, NULL, 0, NULL, 213),
(309, '15698545654', '$2y$13$19Rp5INyS0sLkcYDd/acQ.qcQ5aIn.4FkH.qeeqdQxMczNdsAbg/m', NULL, '雨薇2', '15698545654', '', NULL, 'Xw9aaGkqDvIWDUahXf-YVC50fSlsHV20', '17670627203', '2020-09-09 10:03:41', '17670627203', '2020-09-09 10:29:10', 0, NULL, 0, NULL, NULL),
(310, '17670624589', '$2y$13$ciBJasBVejNFLpuBQ7aWjOCGchF8yWfRbKAjU5Jzj1IUT3VKGRCkm', NULL, '刘振兴', '17670624589', '', NULL, 'LUgayliKFPIm80Yw4j8SjpAJSXbq_Wnw', '17670627203', '2020-09-09 15:27:01', '17670627203', '2020-09-09 15:27:01', 0, NULL, 0, NULL, 214),
(311, '18645723598', '$2y$13$nERp0g6L/Hy/6bAhr/YvPuB1y8AIMkg2PnmvrJZbTvlnvNd56xaD.', NULL, '刘少奇', '18645723598', '', NULL, 'ymdJPTDygI9NJ9_3hU0S3Oy7k05P76Ia', 'system', '2020-09-09 15:46:11', NULL, '2020-09-09 15:47:36', 0, NULL, 0, NULL, 215),
(312, '18456123254', '$2y$13$3pRBzK6xIaimMNuGJIVxBOMai6iQCWTM9FoLgfqkWh3NfSvmFHGIa', NULL, '刘振兴', '18456123254', '', NULL, 'weGAQcx7wqcSn8RQnmOHt83ffJJCdAYm', '17670627203', '2020-09-09 15:54:06', '17670627203', '2020-09-09 15:54:06', 0, NULL, 0, NULL, 216),
(313, '13748596547', '$2y$13$rynJ89bBaE5K3UkJFymmDeu6hjvjLz2772O.5YfdKOIp16aiB0X0S', NULL, '哈哈哈哈', '13748596547', '', NULL, '5S7oUyUs5aX_ELYih__Ix_mqeqz0j1ww', 'system', '2020-09-09 16:42:30', NULL, '2020-09-09 16:42:30', 0, NULL, 0, NULL, 217),
(314, '13789768565', '$2y$13$UmAeOk1zWTVQfnpb0wdRSeptzxarlsdxltUU4xKOHBWG23GMHuwVG', NULL, '测试新增职工', '13789768565', '', NULL, '5kRmz8KliLRa8ZQYeIn4ycwP1T-nx0Zg', '17670627203', '2020-11-12 15:50:58', '17670627203', '2020-11-12 16:17:25', 0, NULL, 0, 161, NULL),
(315, '13456789050', '$2y$13$BQyy6CTmBl1yjz26AitBveGc6pIoAB9qB/HtZw9fg81OXrIzzlKDG', NULL, 'ERP测试账户', '13456789050', '', NULL, '8t_mVq5GEtNNPDsmFAp2UmARg7jxmDpe', '17670627203', '2020-11-30 14:18:17', '17670627203', '2020-12-12 10:41:55', 0, 34, 0, 163, NULL),
(316, '17317317317', '$2y$13$Pvrfe1lAiOGnDV/xIHFWy.7Jk9OZxhUoSqcVtmlxX6lleCd8scfnK', NULL, 'lzx', '17317317317', '', NULL, 'JM6h147K03iP0uXa7zq6ughYzysi1Yee', '13456789050', '2020-11-30 14:31:45', '17670627203', '2020-12-02 16:37:34', 0, 33, 0, 0, NULL),
(317, '13713713713', '$2y$13$/pbIK48rdUrk3ohAJU3LuOpO2zZgPgNTRWb6dwvf3nSni6x8VURcC', NULL, '录制现场', '13713713713', '', NULL, 'hrY41EO4KlNhWhaE9ZlB9SmSqCt5Y7UN', '17670627203', '2020-12-03 15:34:32', '17670627203', '2020-12-03 15:34:52', 0, 32, 0, 0, NULL),
(318, '17645123589', '$2y$13$4EaTze91FO5lK77zxxVMUeABG325WjyMn1tVFOFe1Pm3KFC3DIgym', NULL, '刘振兴', '17645123589', '', NULL, 'YJm26wom0LkM0m5Lo21RD5uUdfYfL5jC', '17670627203', '2020-12-08 15:29:30', '17670627203', '2020-12-09 09:29:03', 0, 34, 0, 171, NULL);

/*!40101 SET CHARACTER_SET_CLIENT=@OLD_CHARACTER_SET_CLIENT */;
/*!40101 SET CHARACTER_SET_RESULTS=@OLD_CHARACTER_SET_RESULTS */;
/*!40101 SET COLLATION_CONNECTION=@OLD_COLLATION_CONNECTION */;
